0 verbose cli C:\Program Files\nodejs\node.exe C:\Program Files\nodejs\node_modules\npm\bin\npm-cli.js
1 info using npm@10.9.4
2 info using node@v22.21.1
3 silly config load:file:C:\Program Files\nodejs\node_modules\npm\npmrc
4 silly config load:file:C:\Users\kasicons479\Desktop\ci-cd-learning\.npmrc
5 silly config load:file:C:\Users\kasicons479\.npmrc
6 silly config load:file:C:\Users\kasicons479\AppData\Roaming\npm\etc\npmrc
7 verbose title npm install jest
8 verbose argv "install" "--save-dev" "jest"
9 verbose logfile logs-max:10 dir:C:\Users\kasicons479\Desktop\ci-cd-learning\clean\_logs\2026-09-02T04_48_18_605Z-
10 verbose logfile C:\Users\kasicons479\Desktop\ci-cd-learning\clean\_logs\2026-09-02T04_48_18_605Z-debug-0.log
11 silly logfile done cleaning log files
12 silly packumentCache heap:2197815296 maxSize:549453824 maxEntrySize:274726912
13 silly idealTree buildDeps
14 silly fetch manifest jest@*
15 silly packumentCache full:https://registry.npmjs.org/jest cache-miss
16 http fetch GET 200 https://registry.npmjs.org/jest 9537ms (cache miss)
17 silly packumentCache full:https://registry.npmjs.org/jest set size:undefined disposed:false
18 silly fetch manifest node-notifier@^8.0.1 || ^9.0.0 || ^10.0.0
19 silly packumentCache full:https://registry.npmjs.org/node-notifier cache-miss
20 http fetch GET 200 https://registry.npmjs.org/node-notifier 1633ms (cache miss)
21 silly packumentCache full:https://registry.npmjs.org/node-notifier set size:undefined disposed:false
22 silly placeDep ROOT jest@30.5.1 OK for: ci-cd-learning@1.0.0 want: *
23 silly fetch manifest jest-cli@30.5.1
24 silly packumentCache full:https://registry.npmjs.org/jest-cli cache-miss
25 silly fetch manifest @jest/core@30.5.1
26 silly packumentCache full:https://registry.npmjs.org/@jest%2fcore cache-miss
27 silly fetch manifest @jest/types@30.5.1
28 silly packumentCache full:https://registry.npmjs.org/@jest%2ftypes cache-miss
29 silly fetch manifest import-local@^3.2.0
30 silly packumentCache full:https://registry.npmjs.org/import-local cache-miss
31 http fetch GET 200 https://registry.npmjs.org/jest-cli 2037ms (cache miss)
32 silly packumentCache full:https://registry.npmjs.org/jest-cli set size:undefined disposed:false
33 http fetch GET 200 https://registry.npmjs.org/import-local 9505ms (cache miss)
34 silly packumentCache full:https://registry.npmjs.org/import-local set size:undefined disposed:false
35 http fetch GET 200 https://registry.npmjs.org/@jest%2ftypes 9781ms (cache miss)
36 silly packumentCache full:https://registry.npmjs.org/@jest%2ftypes set size:undefined disposed:false
37 http fetch GET 200 https://registry.npmjs.org/@jest%2fcore 9986ms (cache miss)
38 silly packumentCache full:https://registry.npmjs.org/@jest%2fcore set size:undefined disposed:false
39 silly placeDep ROOT @jest/core@30.5.1 OK for: jest@30.5.1 want: 30.5.1
40 silly placeDep ROOT @jest/types@30.5.1 OK for: jest@30.5.1 want: 30.5.1
41 silly placeDep ROOT import-local@3.2.0 OK for: jest@30.5.1 want: ^3.2.0
42 silly placeDep ROOT jest-cli@30.5.1 OK for: jest@30.5.1 want: 30.5.1
43 silly fetch manifest chalk@^4.1.2
44 silly packumentCache full:https://registry.npmjs.org/chalk cache-miss
45 silly fetch manifest slash@^3.0.0
46 silly packumentCache full:https://registry.npmjs.org/slash cache-miss
47 silly fetch manifest exit-x@^0.2.2
48 silly packumentCache full:https://registry.npmjs.org/exit-x cache-miss
49 silly fetch manifest ci-info@^4.2.0
50 silly packumentCache full:https://registry.npmjs.org/ci-info cache-miss
51 silly fetch manifest jest-util@30.5.1
52 silly packumentCache full:https://registry.npmjs.org/jest-util cache-miss
53 silly fetch manifest @types/node@*
54 silly packumentCache full:https://registry.npmjs.org/@types%2fnode cache-miss
55 silly fetch manifest graceful-fs@^4.2.11
56 silly packumentCache full:https://registry.npmjs.org/graceful-fs cache-miss
57 http fetch GET 200 https://registry.npmjs.org/chalk 1424ms (cache miss)
58 silly packumentCache full:https://registry.npmjs.org/chalk set size:undefined disposed:false
59 silly fetch manifest jest-config@30.5.1
60 silly packumentCache full:https://registry.npmjs.org/jest-config cache-miss
61 http fetch GET 200 https://registry.npmjs.org/slash 1438ms (cache miss)
62 silly packumentCache full:https://registry.npmjs.org/slash set size:undefined disposed:false
63 silly fetch manifest jest-runner@30.5.1
64 silly packumentCache full:https://registry.npmjs.org/jest-runner cache-miss
65 http fetch GET 200 https://registry.npmjs.org/ci-info 1468ms (cache miss)
66 silly packumentCache full:https://registry.npmjs.org/ci-info set size:undefined disposed:false
67 silly fetch manifest ansi-escapes@^4.3.2
68 silly packumentCache full:https://registry.npmjs.org/ansi-escapes cache-miss
69 http fetch GET 200 https://registry.npmjs.org/exit-x 1707ms (cache miss)
70 silly packumentCache full:https://registry.npmjs.org/exit-x set size:undefined disposed:false
71 silly fetch manifest jest-resolve@30.5.1
72 silly packumentCache full:https://registry.npmjs.org/jest-resolve cache-miss
73 http fetch GET 200 https://registry.npmjs.org/ansi-escapes 1559ms (cache miss)
74 silly packumentCache full:https://registry.npmjs.org/ansi-escapes set size:undefined disposed:false
75 silly fetch manifest jest-runtime@30.5.1
76 silly packumentCache full:https://registry.npmjs.org/jest-runtime cache-miss
77 http fetch GET 200 https://registry.npmjs.org/jest-config 1810ms (cache miss)
78 silly packumentCache full:https://registry.npmjs.org/jest-config set size:undefined disposed:false
79 silly fetch manifest jest-watcher@30.5.1
80 silly packumentCache full:https://registry.npmjs.org/jest-watcher cache-miss
81 http fetch GET 200 https://registry.npmjs.org/jest-resolve 1543ms (cache miss)
82 silly packumentCache full:https://registry.npmjs.org/jest-resolve set size:undefined disposed:false
83 silly fetch manifest @jest/console@30.5.1
84 silly packumentCache full:https://registry.npmjs.org/@jest%2fconsole cache-miss
85 http fetch GET 200 https://registry.npmjs.org/jest-runner 2201ms (cache miss)
86 silly packumentCache full:https://registry.npmjs.org/jest-runner set size:undefined disposed:false
87 silly fetch manifest @jest/pattern@30.5.0
88 silly packumentCache full:https://registry.npmjs.org/@jest%2fpattern cache-miss
89 http fetch GET 200 https://registry.npmjs.org/jest-runtime 1099ms (cache miss)
90 silly packumentCache full:https://registry.npmjs.org/jest-runtime set size:undefined disposed:false
91 silly fetch manifest jest-snapshot@30.5.1
92 silly packumentCache full:https://registry.npmjs.org/jest-snapshot cache-miss
93 http fetch GET 200 https://registry.npmjs.org/jest-watcher 906ms (cache miss)
94 silly packumentCache full:https://registry.npmjs.org/jest-watcher set size:undefined disposed:false
95 silly fetch manifest jest-validate@30.5.1
96 silly packumentCache full:https://registry.npmjs.org/jest-validate cache-miss
97 http fetch GET 200 https://registry.npmjs.org/@jest%2fconsole 1158ms (cache miss)
98 silly packumentCache full:https://registry.npmjs.org/@jest%2fconsole set size:undefined disposed:false
99 silly fetch manifest pretty-format@30.5.1
100 silly packumentCache full:https://registry.npmjs.org/pretty-format cache-miss
101 http fetch GET 200 https://registry.npmjs.org/@jest%2fpattern 1483ms (cache miss)
102 silly packumentCache full:https://registry.npmjs.org/@jest%2fpattern set size:undefined disposed:false
103 silly fetch manifest jest-haste-map@30.5.1
104 silly packumentCache full:https://registry.npmjs.org/jest-haste-map cache-miss
105 http fetch GET 200 https://registry.npmjs.org/jest-validate 1000ms (cache miss)
106 silly packumentCache full:https://registry.npmjs.org/jest-validate set size:undefined disposed:false
107 silly fetch manifest @jest/reporters@30.5.1
108 silly packumentCache full:https://registry.npmjs.org/@jest%2freporters cache-miss
109 http fetch GET 200 https://registry.npmjs.org/jest-snapshot 1019ms (cache miss)
110 silly packumentCache full:https://registry.npmjs.org/jest-snapshot set size:undefined disposed:false
111 silly fetch manifest @jest/transform@30.5.1
112 silly packumentCache full:https://registry.npmjs.org/@jest%2ftransform cache-miss
113 http fetch GET 200 https://registry.npmjs.org/pretty-format 1133ms (cache miss)
114 silly packumentCache full:https://registry.npmjs.org/pretty-format set size:undefined disposed:false
115 silly fetch manifest jest-regex-util@30.5.0
116 silly packumentCache full:https://registry.npmjs.org/jest-regex-util cache-miss
117 http fetch GET 200 https://registry.npmjs.org/graceful-fs 5571ms (cache miss)
118 silly packumentCache full:https://registry.npmjs.org/graceful-fs set size:undefined disposed:false
119 silly fetch manifest @jest/test-result@30.5.1
120 silly packumentCache full:https://registry.npmjs.org/@jest%2ftest-result cache-miss
121 http fetch GET 200 https://registry.npmjs.org/jest-util 6017ms (cache miss)
122 silly packumentCache full:https://registry.npmjs.org/jest-util set size:undefined disposed:false
123 silly fetch manifest jest-message-util@30.5.1
124 silly packumentCache full:https://registry.npmjs.org/jest-message-util cache-miss
125 http fetch GET 200 https://registry.npmjs.org/@jest%2ftransform 884ms (cache miss)
126 silly packumentCache full:https://registry.npmjs.org/@jest%2ftransform set size:undefined disposed:false
127 silly fetch manifest jest-changed-files@30.5.1
128 silly packumentCache full:https://registry.npmjs.org/jest-changed-files cache-miss
129 http fetch GET 200 https://registry.npmjs.org/jest-regex-util 528ms (cache miss)
130 silly packumentCache full:https://registry.npmjs.org/jest-regex-util set size:undefined disposed:false
131 silly fetch manifest jest-resolve-dependencies@30.5.1
132 silly packumentCache full:https://registry.npmjs.org/jest-resolve-dependencies cache-miss
133 http fetch GET 200 https://registry.npmjs.org/@jest%2freporters 1000ms (cache miss)
134 silly packumentCache full:https://registry.npmjs.org/@jest%2freporters set size:undefined disposed:false
135 silly fetch manifest fast-json-stable-stringify@^2.1.0
136 silly packumentCache full:https://registry.npmjs.org/fast-json-stable-stringify cache-miss
137 http fetch GET 200 https://registry.npmjs.org/jest-haste-map 1037ms (cache miss)
138 silly packumentCache full:https://registry.npmjs.org/jest-haste-map set size:undefined disposed:false
139 silly fetch manifest @types/node@*
140 silly packumentCache full:https://registry.npmjs.org/@types%2fnode cache-miss
141 http fetch GET 200 https://registry.npmjs.org/@jest%2ftest-result 791ms (cache miss)
142 silly packumentCache full:https://registry.npmjs.org/@jest%2ftest-result set size:undefined disposed:false
143 silly fetch manifest @types/yargs@^17.0.33
144 silly packumentCache full:https://registry.npmjs.org/@types%2fyargs cache-miss
145 http fetch GET 200 https://registry.npmjs.org/jest-message-util 1376ms (cache miss)
146 silly packumentCache full:https://registry.npmjs.org/jest-message-util set size:undefined disposed:false
147 silly fetch manifest @jest/schemas@30.5.0
148 silly packumentCache full:https://registry.npmjs.org/@jest%2fschemas cache-miss
149 http fetch GET 200 https://registry.npmjs.org/fast-json-stable-stringify 1831ms (cache miss)
150 silly packumentCache full:https://registry.npmjs.org/fast-json-stable-stringify set size:undefined disposed:false
151 silly fetch manifest @types/istanbul-reports@^3.0.4
152 silly packumentCache full:https://registry.npmjs.org/@types%2fistanbul-reports cache-miss
153 http fetch GET 200 https://registry.npmjs.org/jest-changed-files 1952ms (cache miss)
154 silly packumentCache full:https://registry.npmjs.org/jest-changed-files set size:undefined disposed:false
155 silly fetch manifest @types/istanbul-lib-coverage@^2.0.6
156 silly packumentCache full:https://registry.npmjs.org/@types%2fistanbul-lib-coverage cache-miss
157 http fetch GET 200 https://registry.npmjs.org/@types%2fnode 8024ms (cache miss)
158 silly packumentCache full:https://registry.npmjs.org/@types%2fnode set size:undefined disposed:false
159 silly fetch manifest pkg-dir@^4.2.0
160 silly packumentCache full:https://registry.npmjs.org/pkg-dir cache-miss
161 http fetch GET 200 https://registry.npmjs.org/@jest%2fschemas 915ms (cache miss)
162 silly packumentCache full:https://registry.npmjs.org/@jest%2fschemas set size:undefined disposed:false
163 silly fetch manifest resolve-cwd@^3.0.0
164 silly packumentCache full:https://registry.npmjs.org/resolve-cwd cache-miss
165 http fetch GET 200 https://registry.npmjs.org/@types%2fyargs 2046ms (cache miss)
166 silly packumentCache full:https://registry.npmjs.org/@types%2fyargs set size:undefined disposed:false
167 silly fetch manifest yargs@^17.7.2
168 silly packumentCache full:https://registry.npmjs.org/yargs cache-miss
169 http fetch GET 200 https://registry.npmjs.org/@types%2fistanbul-reports 653ms (cache miss)
170 silly packumentCache full:https://registry.npmjs.org/@types%2fistanbul-reports set size:undefined disposed:false
171 http fetch GET 200 https://registry.npmjs.org/@types%2fistanbul-lib-coverage 857ms (cache miss)
172 silly packumentCache full:https://registry.npmjs.org/@types%2fistanbul-lib-coverage set size:undefined disposed:false
173 http fetch GET 200 https://registry.npmjs.org/jest-resolve-dependencies 2867ms (cache miss)
174 silly packumentCache full:https://registry.npmjs.org/jest-resolve-dependencies set size:undefined disposed:false
175 http fetch GET 200 https://registry.npmjs.org/pkg-dir 1556ms (cache miss)
176 silly packumentCache full:https://registry.npmjs.org/pkg-dir set size:undefined disposed:false
177 http fetch GET 200 https://registry.npmjs.org/@types%2fnode 4085ms (cache miss)
178 silly packumentCache full:https://registry.npmjs.org/@types%2fnode set size:undefined disposed:false
179 http fetch GET 200 https://registry.npmjs.org/resolve-cwd 2115ms (cache miss)
180 silly packumentCache full:https://registry.npmjs.org/resolve-cwd set size:undefined disposed:false
181 http fetch GET 200 https://registry.npmjs.org/yargs 2026ms (cache miss)
182 silly packumentCache full:https://registry.npmjs.org/yargs set size:undefined disposed:false
183 silly fetch manifest esbuild-register@>=3.4.0
184 silly packumentCache full:https://registry.npmjs.org/esbuild-register cache-miss
185 http fetch GET 200 https://registry.npmjs.org/esbuild-register 402ms (cache miss)
186 silly packumentCache full:https://registry.npmjs.org/esbuild-register set size:undefined disposed:false
187 silly fetch manifest esbuild@>=0.12 <1
188 silly packumentCache full:https://registry.npmjs.org/esbuild cache-miss
189 http fetch GET 200 https://registry.npmjs.org/esbuild 630ms (cache miss)
190 silly packumentCache full:https://registry.npmjs.org/esbuild set size:undefined disposed:false
191 silly fetch manifest ts-node@>=9.0.0
192 silly packumentCache full:https://registry.npmjs.org/ts-node cache-miss
193 http fetch GET 200 https://registry.npmjs.org/ts-node 400ms (cache miss)
194 silly packumentCache full:https://registry.npmjs.org/ts-node set size:undefined disposed:false
195 silly fetch manifest @swc/core@>=1.2.50
196 silly packumentCache full:https://registry.npmjs.org/@swc%2fcore cache-miss
197 http fetch GET 200 https://registry.npmjs.org/@swc%2fcore 1423ms (cache miss)
198 silly packumentCache full:https://registry.npmjs.org/@swc%2fcore set size:undefined disposed:false
199 silly fetch manifest @swc/helpers@>=0.5.17
200 silly packumentCache full:https://registry.npmjs.org/@swc%2fhelpers cache-miss
201 http fetch GET 200 https://registry.npmjs.org/@swc%2fhelpers 542ms (cache miss)
202 silly packumentCache full:https://registry.npmjs.org/@swc%2fhelpers set size:undefined disposed:false
203 silly fetch manifest @swc/wasm@>=1.2.50
204 silly packumentCache full:https://registry.npmjs.org/@swc%2fwasm cache-miss
205 http fetch GET 200 https://registry.npmjs.org/@swc%2fwasm 474ms (cache miss)
206 silly packumentCache full:https://registry.npmjs.org/@swc%2fwasm set size:undefined disposed:false
207 silly fetch manifest typescript@>=2.7
208 silly packumentCache full:https://registry.npmjs.org/typescript cache-miss
209 http fetch GET 200 https://registry.npmjs.org/typescript 3989ms (cache miss)
210 silly packumentCache full:https://registry.npmjs.org/typescript set size:undefined disposed:false
211 silly placeDep ROOT @jest/console@30.5.1 OK for: @jest/core@30.5.1 want: 30.5.1
212 silly placeDep ROOT @jest/pattern@30.5.0 OK for: @jest/core@30.5.1 want: 30.5.0
213 silly placeDep ROOT @jest/reporters@30.5.1 OK for: @jest/core@30.5.1 want: 30.5.1
214 silly placeDep ROOT @jest/test-result@30.5.1 OK for: @jest/core@30.5.1 want: 30.5.1
215 silly placeDep ROOT @jest/transform@30.5.1 OK for: @jest/core@30.5.1 want: 30.5.1
216 silly placeDep ROOT @types/node@26.4.1 OK for: @jest/core@30.5.1 want: *
217 silly placeDep ROOT ansi-escapes@4.3.2 OK for: @jest/core@30.5.1 want: ^4.3.2
218 silly placeDep ROOT chalk@4.1.2 OK for: @jest/core@30.5.1 want: ^4.1.2
219 silly placeDep ROOT ci-info@4.4.0 OK for: @jest/core@30.5.1 want: ^4.2.0
220 silly placeDep ROOT exit-x@0.2.2 OK for: @jest/core@30.5.1 want: ^0.2.2
221 silly placeDep ROOT fast-json-stable-stringify@2.1.0 OK for: @jest/core@30.5.1 want: ^2.1.0
222 silly placeDep ROOT graceful-fs@4.2.11 OK for: @jest/core@30.5.1 want: ^4.2.11
223 silly placeDep ROOT jest-changed-files@30.5.1 OK for: @jest/core@30.5.1 want: 30.5.1
224 silly placeDep ROOT jest-config@30.5.1 OK for: @jest/core@30.5.1 want: 30.5.1
225 silly placeDep ROOT jest-haste-map@30.5.1 OK for: @jest/core@30.5.1 want: 30.5.1
226 silly placeDep ROOT jest-message-util@30.5.1 OK for: @jest/core@30.5.1 want: 30.5.1
227 silly placeDep ROOT jest-regex-util@30.5.0 OK for: @jest/core@30.5.1 want: 30.5.0
228 silly placeDep ROOT jest-resolve@30.5.1 OK for: @jest/core@30.5.1 want: 30.5.1
229 silly placeDep ROOT jest-resolve-dependencies@30.5.1 OK for: @jest/core@30.5.1 want: 30.5.1
230 silly placeDep ROOT jest-runner@30.5.1 OK for: @jest/core@30.5.1 want: 30.5.1
231 silly placeDep ROOT jest-runtime@30.5.1 OK for: @jest/core@30.5.1 want: 30.5.1
232 silly placeDep ROOT jest-snapshot@30.5.1 OK for: @jest/core@30.5.1 want: 30.5.1
233 silly placeDep ROOT jest-util@30.5.1 OK for: @jest/core@30.5.1 want: 30.5.1
234 silly placeDep ROOT jest-validate@30.5.1 OK for: @jest/core@30.5.1 want: 30.5.1
235 silly placeDep ROOT jest-watcher@30.5.1 OK for: @jest/core@30.5.1 want: 30.5.1
236 silly placeDep ROOT pretty-format@30.5.1 OK for: @jest/core@30.5.1 want: 30.5.1
237 silly placeDep ROOT slash@3.0.0 OK for: @jest/core@30.5.1 want: ^3.0.0
238 silly fetch manifest glob@^13.0.6
239 silly packumentCache full:https://registry.npmjs.org/glob cache-miss
240 silly fetch manifest jest-worker@30.5.1
241 silly packumentCache full:https://registry.npmjs.org/jest-worker cache-miss
242 silly fetch manifest string-length@^4.0.2
243 silly packumentCache full:https://registry.npmjs.org/string-length cache-miss
244 silly fetch manifest v8-to-istanbul@^9.0.1
245 silly packumentCache full:https://registry.npmjs.org/v8-to-istanbul cache-miss
246 silly fetch manifest istanbul-reports@^3.1.3
247 silly packumentCache full:https://registry.npmjs.org/istanbul-reports cache-miss
248 silly fetch manifest @bcoe/v8-coverage@^0.2.3
249 silly packumentCache full:https://registry.npmjs.org/@bcoe%2fv8-coverage cache-miss
250 silly fetch manifest collect-v8-coverage@^1.0.2
251 silly packumentCache full:https://registry.npmjs.org/collect-v8-coverage cache-miss
252 http fetch GET 200 https://registry.npmjs.org/string-length 669ms (cache miss)
253 silly packumentCache full:https://registry.npmjs.org/string-length set size:undefined disposed:false
254 silly fetch manifest istanbul-lib-report@^3.0.0
255 silly packumentCache full:https://registry.npmjs.org/istanbul-lib-report cache-miss
256 http fetch GET 200 https://registry.npmjs.org/jest-worker 808ms (cache miss)
257 silly packumentCache full:https://registry.npmjs.org/jest-worker set size:undefined disposed:false
258 silly fetch manifest istanbul-lib-coverage@^3.0.0
259 silly packumentCache full:https://registry.npmjs.org/istanbul-lib-coverage cache-miss
260 http fetch GET 200 https://registry.npmjs.org/glob 814ms (cache miss)
261 silly packumentCache full:https://registry.npmjs.org/glob set size:undefined disposed:false
262 silly fetch manifest istanbul-lib-instrument@^6.0.0
263 silly packumentCache full:https://registry.npmjs.org/istanbul-lib-instrument cache-miss
264 http fetch GET 200 https://registry.npmjs.org/v8-to-istanbul 824ms (cache miss)
265 silly packumentCache full:https://registry.npmjs.org/v8-to-istanbul set size:undefined disposed:false
266 silly fetch manifest istanbul-lib-source-maps@^5.0.0
267 silly packumentCache full:https://registry.npmjs.org/istanbul-lib-source-maps cache-miss
268 http fetch GET 200 https://registry.npmjs.org/@bcoe%2fv8-coverage 1110ms (cache miss)
269 silly packumentCache full:https://registry.npmjs.org/@bcoe%2fv8-coverage set size:undefined disposed:false
270 silly fetch manifest @jridgewell/trace-mapping@^0.3.31
271 silly packumentCache full:https://registry.npmjs.org/@jridgewell%2ftrace-mapping cache-miss
272 http fetch GET 200 https://registry.npmjs.org/istanbul-reports 1115ms (cache miss)
273 silly packumentCache full:https://registry.npmjs.org/istanbul-reports set size:undefined disposed:false
274 silly fetch manifest collect-v8-coverage@^1.0.2
275 silly packumentCache full:https://registry.npmjs.org/collect-v8-coverage cache-miss
276 http fetch GET 200 https://registry.npmjs.org/collect-v8-coverage 1139ms (cache miss)
277 silly packumentCache full:https://registry.npmjs.org/collect-v8-coverage set size:undefined disposed:false
278 silly fetch manifest pirates@^4.0.7
279 silly packumentCache full:https://registry.npmjs.org/pirates cache-miss
280 http fetch GET 200 https://registry.npmjs.org/istanbul-lib-report 967ms (cache miss)
281 silly packumentCache full:https://registry.npmjs.org/istanbul-lib-report set size:undefined disposed:false
282 silly fetch manifest @babel/core@^7.27.4
283 silly packumentCache full:https://registry.npmjs.org/@babel%2fcore cache-miss
284 http fetch GET 200 https://registry.npmjs.org/istanbul-lib-coverage 864ms (cache miss)
285 silly packumentCache full:https://registry.npmjs.org/istanbul-lib-coverage set size:undefined disposed:false
286 silly fetch manifest write-file-atomic@^5.0.1
287 silly packumentCache full:https://registry.npmjs.org/write-file-atomic cache-miss
288 http fetch GET 200 https://registry.npmjs.org/istanbul-lib-instrument 934ms (cache miss)
289 silly packumentCache full:https://registry.npmjs.org/istanbul-lib-instrument set size:undefined disposed:false
290 silly fetch manifest convert-source-map@^2.0.0
291 silly packumentCache full:https://registry.npmjs.org/convert-source-map cache-miss
292 http fetch GET 200 https://registry.npmjs.org/istanbul-lib-source-maps 992ms (cache miss)
293 silly packumentCache full:https://registry.npmjs.org/istanbul-lib-source-maps set size:undefined disposed:false
294 silly fetch manifest babel-plugin-istanbul@^8.0.0
295 silly packumentCache full:https://registry.npmjs.org/babel-plugin-istanbul cache-miss
296 http fetch GET 200 https://registry.npmjs.org/@jridgewell%2ftrace-mapping 712ms (cache miss)
297 silly packumentCache full:https://registry.npmjs.org/@jridgewell%2ftrace-mapping set size:undefined disposed:false
298 silly fetch manifest undici-types@~8.3.0
299 silly packumentCache full:https://registry.npmjs.org/undici-types cache-miss
300 http fetch GET 200 https://registry.npmjs.org/collect-v8-coverage 719ms (cache miss)
301 silly packumentCache full:https://registry.npmjs.org/collect-v8-coverage set size:undefined disposed:false
302 silly fetch manifest type-fest@^0.21.3
303 silly packumentCache full:https://registry.npmjs.org/type-fest cache-miss
304 http fetch GET 200 https://registry.npmjs.org/pirates 737ms (cache miss)
305 silly packumentCache full:https://registry.npmjs.org/pirates set size:undefined disposed:false
306 silly fetch manifest ansi-styles@^4.1.0
307 silly packumentCache full:https://registry.npmjs.org/ansi-styles cache-miss
308 http fetch GET 200 https://registry.npmjs.org/write-file-atomic 428ms (cache miss)
309 silly packumentCache full:https://registry.npmjs.org/write-file-atomic set size:undefined disposed:false
310 silly fetch manifest supports-color@^7.1.0
311 silly packumentCache full:https://registry.npmjs.org/supports-color cache-miss
312 http fetch GET 200 https://registry.npmjs.org/@babel%2fcore 684ms (cache miss)
313 silly packumentCache full:https://registry.npmjs.org/@babel%2fcore set size:undefined disposed:false
314 silly fetch manifest execa@^5.1.1
315 silly packumentCache full:https://registry.npmjs.org/execa cache-miss
316 http fetch GET 200 https://registry.npmjs.org/convert-source-map 599ms (cache miss)
317 silly packumentCache full:https://registry.npmjs.org/convert-source-map set size:undefined disposed:false
318 silly fetch manifest p-limit@^3.1.0
319 silly packumentCache full:https://registry.npmjs.org/p-limit cache-miss
320 http fetch GET 200 https://registry.npmjs.org/babel-plugin-istanbul 549ms (cache miss)
321 silly packumentCache full:https://registry.npmjs.org/babel-plugin-istanbul set size:undefined disposed:false
322 silly fetch manifest deepmerge@^4.3.1
323 silly packumentCache full:https://registry.npmjs.org/deepmerge cache-miss
324 http fetch GET 200 https://registry.npmjs.org/ansi-styles 610ms (cache miss)
325 silly packumentCache full:https://registry.npmjs.org/ansi-styles set size:undefined disposed:false
326 silly fetch manifest babel-jest@30.5.1
327 silly packumentCache full:https://registry.npmjs.org/babel-jest cache-miss
328 http fetch GET 200 https://registry.npmjs.org/undici-types 734ms (cache miss)
329 silly packumentCache full:https://registry.npmjs.org/undici-types set size:undefined disposed:false
330 silly fetch manifest parse-json@^5.2.0
331 silly packumentCache full:https://registry.npmjs.org/parse-json cache-miss
332 http fetch GET 200 https://registry.npmjs.org/supports-color 529ms (cache miss)
333 silly packumentCache full:https://registry.npmjs.org/supports-color set size:undefined disposed:false
334 silly fetch manifest jest-circus@30.5.1
335 silly packumentCache full:https://registry.npmjs.org/jest-circus cache-miss
336 http fetch GET 200 https://registry.npmjs.org/p-limit 410ms (cache miss)
337 silly packumentCache full:https://registry.npmjs.org/p-limit set size:undefined disposed:false
338 silly fetch manifest jest-docblock@30.5.0
339 silly packumentCache full:https://registry.npmjs.org/jest-docblock cache-miss
340 http fetch GET 200 https://registry.npmjs.org/execa 443ms (cache miss)
341 silly packumentCache full:https://registry.npmjs.org/execa set size:undefined disposed:false
342 silly fetch manifest @jest/get-type@30.5.0
343 silly packumentCache full:https://registry.npmjs.org/@jest%2fget-type cache-miss
344 http fetch GET 200 https://registry.npmjs.org/deepmerge 403ms (cache miss)
345 silly packumentCache full:https://registry.npmjs.org/deepmerge set size:undefined disposed:false
346 silly fetch manifest strip-json-comments@^3.1.1
347 silly packumentCache full:https://registry.npmjs.org/strip-json-comments cache-miss
348 http fetch GET 200 https://registry.npmjs.org/type-fest 998ms (cache miss)
349 silly packumentCache full:https://registry.npmjs.org/type-fest set size:undefined disposed:false
350 silly fetch manifest @jest/test-sequencer@30.5.1
351 silly packumentCache full:https://registry.npmjs.org/@jest%2ftest-sequencer cache-miss
352 http fetch GET 200 https://registry.npmjs.org/babel-jest 576ms (cache miss)
353 silly packumentCache full:https://registry.npmjs.org/babel-jest set size:undefined disposed:false
354 silly fetch manifest jest-environment-node@30.5.1
355 silly packumentCache full:https://registry.npmjs.org/jest-environment-node cache-miss
356 http fetch GET 200 https://registry.npmjs.org/parse-json 862ms (cache miss)
357 silly packumentCache full:https://registry.npmjs.org/parse-json set size:undefined disposed:false
358 silly fetch manifest fdir@^6.5.0
359 silly packumentCache full:https://registry.npmjs.org/fdir cache-miss
360 http fetch GET 200 https://registry.npmjs.org/@jest%2fget-type 695ms (cache miss)
361 silly packumentCache full:https://registry.npmjs.org/@jest%2fget-type set size:undefined disposed:false
362 silly fetch manifest anymatch@^3.1.3
363 silly packumentCache full:https://registry.npmjs.org/anymatch cache-miss
364 http fetch GET 200 https://registry.npmjs.org/jest-docblock 730ms (cache miss)
365 silly packumentCache full:https://registry.npmjs.org/jest-docblock set size:undefined disposed:false
366 silly fetch manifest picomatch@^4.0.3
367 silly packumentCache full:https://registry.npmjs.org/picomatch cache-miss
368 http fetch GET 200 https://registry.npmjs.org/strip-json-comments 730ms (cache miss)
369 silly packumentCache full:https://registry.npmjs.org/strip-json-comments set size:undefined disposed:false
370 silly fetch manifest fb-watchman@^2.0.2
371 silly packumentCache full:https://registry.npmjs.org/fb-watchman cache-miss
372 http fetch GET 200 https://registry.npmjs.org/jest-circus 1021ms (cache miss)
373 silly packumentCache full:https://registry.npmjs.org/jest-circus set size:undefined disposed:false
374 silly fetch manifest @parcel/watcher@^2.6.0
375 silly packumentCache full:https://registry.npmjs.org/@parcel%2fwatcher cache-miss
376 http fetch GET 200 https://registry.npmjs.org/@jest%2ftest-sequencer 992ms (cache miss)
377 silly packumentCache full:https://registry.npmjs.org/@jest%2ftest-sequencer set size:undefined disposed:false
378 silly fetch manifest picomatch@^4.0.3
379 silly packumentCache full:https://registry.npmjs.org/picomatch cache-miss
380 http fetch GET 200 https://registry.npmjs.org/anymatch 394ms (cache miss)
381 silly packumentCache full:https://registry.npmjs.org/anymatch set size:undefined disposed:false
382 silly fetch manifest stack-utils@^2.0.6
383 silly packumentCache full:https://registry.npmjs.org/stack-utils cache-miss
384 http fetch GET 200 https://registry.npmjs.org/fdir 609ms (cache miss)
385 silly packumentCache full:https://registry.npmjs.org/fdir set size:undefined disposed:false
386 silly fetch manifest @babel/code-frame@^7.27.1
387 silly packumentCache full:https://registry.npmjs.org/@babel%2fcode-frame cache-miss
388 http fetch GET 200 https://registry.npmjs.org/jest-environment-node 1002ms (cache miss)
389 silly packumentCache full:https://registry.npmjs.org/jest-environment-node set size:undefined disposed:false
390 silly fetch manifest @types/stack-utils@^2.0.3
391 silly packumentCache full:https://registry.npmjs.org/@types%2fstack-utils cache-miss
392 http fetch GET 200 https://registry.npmjs.org/fb-watchman 590ms (cache miss)
393 silly packumentCache full:https://registry.npmjs.org/fb-watchman set size:undefined disposed:false
394 silly fetch manifest unrs-resolver@^1.12.1
395 silly packumentCache full:https://registry.npmjs.org/unrs-resolver cache-miss
396 http fetch GET 200 https://registry.npmjs.org/picomatch 612ms (cache miss)
397 silly packumentCache full:https://registry.npmjs.org/picomatch set size:undefined disposed:false
398 silly fetch manifest emittery@^0.13.1
399 silly packumentCache full:https://registry.npmjs.org/emittery cache-miss
400 http fetch GET 200 https://registry.npmjs.org/picomatch 616ms (cache miss)
401 silly packumentCache full:https://registry.npmjs.org/picomatch set size:undefined disposed:false
402 silly fetch manifest @jest/source-map@30.5.0
403 silly packumentCache full:https://registry.npmjs.org/@jest%2fsource-map cache-miss
404 http fetch GET 200 https://registry.npmjs.org/stack-utils 596ms (cache miss)
405 silly packumentCache full:https://registry.npmjs.org/stack-utils set size:undefined disposed:false
406 silly fetch manifest @jest/environment@30.5.1
407 silly packumentCache full:https://registry.npmjs.org/@jest%2fenvironment cache-miss
408 http fetch GET 200 https://registry.npmjs.org/@types%2fstack-utils 426ms (cache miss)
409 silly packumentCache full:https://registry.npmjs.org/@types%2fstack-utils set size:undefined disposed:false
410 silly fetch manifest jest-leak-detector@30.5.1
411 silly packumentCache full:https://registry.npmjs.org/jest-leak-detector cache-miss
412 http fetch GET 200 https://registry.npmjs.org/@parcel%2fwatcher 1087ms (cache miss)
413 silly packumentCache full:https://registry.npmjs.org/@parcel%2fwatcher set size:undefined disposed:false
414 silly fetch manifest jest-mock@30.5.1
415 silly packumentCache full:https://registry.npmjs.org/jest-mock cache-miss
416 http fetch GET 200 https://registry.npmjs.org/unrs-resolver 668ms (cache miss)
417 silly packumentCache full:https://registry.npmjs.org/unrs-resolver set size:undefined disposed:false
418 silly fetch manifest strip-bom@^4.0.0
419 silly packumentCache full:https://registry.npmjs.org/strip-bom cache-miss
420 http fetch GET 200 https://registry.npmjs.org/emittery 660ms (cache miss)
421 silly packumentCache full:https://registry.npmjs.org/emittery set size:undefined disposed:false
422 silly fetch manifest @jest/globals@30.5.1
423 silly packumentCache full:https://registry.npmjs.org/@jest%2fglobals cache-miss
424 http fetch GET 200 https://registry.npmjs.org/@babel%2fcode-frame 869ms (cache miss)
425 silly packumentCache full:https://registry.npmjs.org/@babel%2fcode-frame set size:undefined disposed:false
426 silly fetch manifest es-module-lexer@^2.1.0
427 silly packumentCache full:https://registry.npmjs.org/es-module-lexer cache-miss
428 http fetch GET 200 https://registry.npmjs.org/@jest%2fsource-map 602ms (cache miss)
429 silly packumentCache full:https://registry.npmjs.org/@jest%2fsource-map set size:undefined disposed:false
430 silly fetch manifest cjs-module-lexer@^2.2.0
431 silly packumentCache full:https://registry.npmjs.org/cjs-module-lexer cache-miss
432 http fetch GET 200 https://registry.npmjs.org/@jest%2fenvironment 624ms (cache miss)
433 silly packumentCache full:https://registry.npmjs.org/@jest%2fenvironment set size:undefined disposed:false
434 silly fetch manifest @jest/fake-timers@30.5.1
435 silly packumentCache full:https://registry.npmjs.org/@jest%2ffake-timers cache-miss
436 http fetch GET 200 https://registry.npmjs.org/jest-leak-detector 760ms (cache miss)
437 silly packumentCache full:https://registry.npmjs.org/jest-leak-detector set size:undefined disposed:false
438 silly fetch manifest expect@30.5.1
439 silly packumentCache full:https://registry.npmjs.org/expect cache-miss
440 http fetch GET 200 https://registry.npmjs.org/strip-bom 701ms (cache miss)
441 silly packumentCache full:https://registry.npmjs.org/strip-bom set size:undefined disposed:false
442 silly fetch manifest semver@^7.7.2
443 silly packumentCache full:https://registry.npmjs.org/semver cache-miss
444 http fetch GET 200 https://registry.npmjs.org/cjs-module-lexer 457ms (cache miss)
445 silly packumentCache full:https://registry.npmjs.org/cjs-module-lexer set size:undefined disposed:false
446 silly fetch manifest synckit@^0.11.8
447 silly packumentCache full:https://registry.npmjs.org/synckit cache-miss
448 http fetch GET 200 https://registry.npmjs.org/jest-mock 766ms (cache miss)
449 silly packumentCache full:https://registry.npmjs.org/jest-mock set size:undefined disposed:false
450 silly fetch manifest jest-diff@30.5.1
451 silly packumentCache full:https://registry.npmjs.org/jest-diff cache-miss
452 http fetch GET 200 https://registry.npmjs.org/es-module-lexer 808ms (cache miss)
453 silly packumentCache full:https://registry.npmjs.org/es-module-lexer set size:undefined disposed:false
454 silly fetch manifest @babel/types@^7.27.3
455 silly packumentCache full:https://registry.npmjs.org/@babel%2ftypes cache-miss
456 http fetch GET 200 https://registry.npmjs.org/synckit 412ms (cache miss)
457 silly packumentCache full:https://registry.npmjs.org/synckit set size:undefined disposed:false
458 silly fetch manifest @babel/generator@^7.27.5
459 silly packumentCache full:https://registry.npmjs.org/@babel%2fgenerator cache-miss
460 http fetch GET 200 https://registry.npmjs.org/expect 666ms (cache miss)
461 silly packumentCache full:https://registry.npmjs.org/expect set size:undefined disposed:false
462 silly fetch manifest @jest/expect-utils@30.5.1
463 silly packumentCache full:https://registry.npmjs.org/@jest%2fexpect-utils cache-miss
464 http fetch GET 200 https://registry.npmjs.org/semver 483ms (cache miss)
465 silly packumentCache full:https://registry.npmjs.org/semver set size:undefined disposed:false
466 silly fetch manifest jest-matcher-utils@30.5.1
467 silly packumentCache full:https://registry.npmjs.org/jest-matcher-utils cache-miss
468 http fetch GET 200 https://registry.npmjs.org/@jest%2fglobals 1180ms (cache miss)
469 silly packumentCache full:https://registry.npmjs.org/@jest%2fglobals set size:undefined disposed:false
470 silly fetch manifest @jest/snapshot-utils@30.5.1
471 silly packumentCache full:https://registry.npmjs.org/@jest%2fsnapshot-utils cache-miss
472 http fetch GET 200 https://registry.npmjs.org/@jest%2ffake-timers 1049ms (cache miss)
473 silly packumentCache full:https://registry.npmjs.org/@jest%2ffake-timers set size:undefined disposed:false
474 silly fetch manifest @babel/plugin-syntax-jsx@^7.27.1
475 silly packumentCache full:https://registry.npmjs.org/@babel%2fplugin-syntax-jsx cache-miss
476 http fetch GET 200 https://registry.npmjs.org/jest-diff 834ms (cache miss)
477 silly packumentCache full:https://registry.npmjs.org/jest-diff set size:undefined disposed:false
478 silly fetch manifest @babel/plugin-syntax-typescript@^7.27.1
479 silly packumentCache full:https://registry.npmjs.org/@babel%2fplugin-syntax-typescript cache-miss
480 http fetch GET 200 https://registry.npmjs.org/@jest%2fexpect-utils 813ms (cache miss)
481 silly packumentCache full:https://registry.npmjs.org/@jest%2fexpect-utils set size:undefined disposed:false
482 silly fetch manifest babel-preset-current-node-syntax@^1.2.0
483 silly packumentCache full:https://registry.npmjs.org/babel-preset-current-node-syntax cache-miss
484 http fetch GET 200 https://registry.npmjs.org/@babel%2fgenerator 835ms (cache miss)
485 silly packumentCache full:https://registry.npmjs.org/@babel%2fgenerator set size:undefined disposed:false
486 silly fetch manifest leven@^3.1.0
487 silly packumentCache full:https://registry.npmjs.org/leven cache-miss
488 http fetch GET 200 https://registry.npmjs.org/@babel%2ftypes 1059ms (cache miss)
489 silly packumentCache full:https://registry.npmjs.org/@babel%2ftypes set size:undefined disposed:false
490 silly fetch manifest camelcase@^6.3.0
491 silly packumentCache full:https://registry.npmjs.org/camelcase cache-miss
492 http fetch GET 200 https://registry.npmjs.org/jest-matcher-utils 827ms (cache miss)
493 silly packumentCache full:https://registry.npmjs.org/jest-matcher-utils set size:undefined disposed:false
494 silly fetch manifest ansi-styles@^5.2.0
495 silly packumentCache full:https://registry.npmjs.org/ansi-styles cache-miss
496 http cache https://registry.npmjs.org/ansi-styles 15ms (cache hit)
497 silly packumentCache full:https://registry.npmjs.org/ansi-styles set size:71772 disposed:false
498 silly fetch manifest @jest/react-is-18@npm:react-is@^18.3.1
499 silly packumentCache full:https://registry.npmjs.org/react-is cache-miss
500 http fetch GET 200 https://registry.npmjs.org/@jest%2fsnapshot-utils 1002ms (cache miss)
501 silly packumentCache full:https://registry.npmjs.org/@jest%2fsnapshot-utils set size:undefined disposed:false
502 silly fetch manifest @jest/react-is-19@npm:react-is@^19.2.5
503 silly packumentCache full:https://registry.npmjs.org/react-is cache-miss
504 http fetch GET 200 https://registry.npmjs.org/@babel%2fplugin-syntax-jsx 920ms (cache miss)
505 silly packumentCache full:https://registry.npmjs.org/@babel%2fplugin-syntax-jsx set size:undefined disposed:false
506 http fetch GET 200 https://registry.npmjs.org/babel-preset-current-node-syntax 411ms (cache miss)
507 silly packumentCache full:https://registry.npmjs.org/babel-preset-current-node-syntax set size:undefined disposed:false
508 http fetch GET 200 https://registry.npmjs.org/@babel%2fplugin-syntax-typescript 806ms (cache miss)
509 silly packumentCache full:https://registry.npmjs.org/@babel%2fplugin-syntax-typescript set size:undefined disposed:false
510 http fetch GET 200 https://registry.npmjs.org/camelcase 608ms (cache miss)
511 silly packumentCache full:https://registry.npmjs.org/camelcase set size:undefined disposed:false
512 http fetch GET 200 https://registry.npmjs.org/leven 618ms (cache miss)
513 silly packumentCache full:https://registry.npmjs.org/leven set size:undefined disposed:false
514 http fetch GET 200 https://registry.npmjs.org/react-is 3988ms (cache miss)
515 silly packumentCache full:https://registry.npmjs.org/react-is set size:undefined disposed:false
516 http fetch GET 200 https://registry.npmjs.org/react-is 6059ms (cache miss)
517 silly packumentCache full:https://registry.npmjs.org/react-is set size:undefined disposed:false
518 silly placeDep ROOT @bcoe/v8-coverage@0.2.3 OK for: @jest/reporters@30.5.1 want: ^0.2.3
519 silly placeDep ROOT @jridgewell/trace-mapping@0.3.31 OK for: @jest/reporters@30.5.1 want: ^0.3.31
520 silly placeDep ROOT collect-v8-coverage@1.0.3 OK for: @jest/reporters@30.5.1 want: ^1.0.2
521 silly placeDep ROOT glob@13.0.6 OK for: @jest/reporters@30.5.1 want: ^13.0.6
522 silly placeDep ROOT istanbul-lib-coverage@3.2.2 OK for: @jest/reporters@30.5.1 want: ^3.0.0
523 silly placeDep ROOT istanbul-lib-instrument@6.0.3 OK for: @jest/reporters@30.5.1 want: ^6.0.0
524 silly placeDep ROOT istanbul-lib-report@3.0.1 OK for: @jest/reporters@30.5.1 want: ^3.0.0
525 silly placeDep ROOT istanbul-lib-source-maps@5.0.6 OK for: @jest/reporters@30.5.1 want: ^5.0.0
526 silly placeDep ROOT istanbul-reports@3.2.0 OK for: @jest/reporters@30.5.1 want: ^3.1.3
527 silly placeDep ROOT jest-worker@30.5.1 OK for: @jest/reporters@30.5.1 want: 30.5.1
528 silly placeDep ROOT string-length@4.0.2 OK for: @jest/reporters@30.5.1 want: ^4.0.2
529 silly placeDep ROOT v8-to-istanbul@9.3.0 OK for: @jest/reporters@30.5.1 want: ^9.0.1
530 silly fetch manifest @jridgewell/resolve-uri@^3.1.0
531 silly packumentCache full:https://registry.npmjs.org/@jridgewell%2fresolve-uri cache-miss
532 silly fetch manifest @jridgewell/sourcemap-codec@^1.4.14
533 silly packumentCache full:https://registry.npmjs.org/@jridgewell%2fsourcemap-codec cache-miss
534 silly fetch manifest minimatch@^10.2.2
535 silly packumentCache full:https://registry.npmjs.org/minimatch cache-miss
536 silly fetch manifest minipass@^7.1.3
537 silly packumentCache full:https://registry.npmjs.org/minipass cache-miss
538 silly fetch manifest path-scurry@^2.0.2
539 silly packumentCache full:https://registry.npmjs.org/path-scurry cache-miss
540 silly fetch manifest @babel/core@^7.23.9
541 silly packumentCache full:https://registry.npmjs.org/@babel%2fcore cache-miss
542 silly fetch manifest @babel/parser@^7.23.9
543 silly packumentCache full:https://registry.npmjs.org/@babel%2fparser cache-miss
544 http cache https://registry.npmjs.org/@babel%2fcore 29ms (cache hit)
545 silly packumentCache full:https://registry.npmjs.org/@babel%2fcore set size:788273 disposed:false
546 silly fetch manifest @istanbuljs/schema@^0.1.3
547 silly packumentCache full:https://registry.npmjs.org/@istanbuljs%2fschema cache-miss
548 http fetch GET 200 https://registry.npmjs.org/@jridgewell%2fresolve-uri 555ms (cache miss)
549 silly packumentCache full:https://registry.npmjs.org/@jridgewell%2fresolve-uri set size:undefined disposed:false
550 silly fetch manifest semver@^7.5.4
551 silly packumentCache full:https://registry.npmjs.org/semver cache-miss
552 http fetch GET 200 https://registry.npmjs.org/@jridgewell%2fsourcemap-codec 558ms (cache miss)
553 silly packumentCache full:https://registry.npmjs.org/@jridgewell%2fsourcemap-codec set size:undefined disposed:false
554 silly fetch manifest make-dir@^4.0.0
555 silly packumentCache full:https://registry.npmjs.org/make-dir cache-miss
556 http fetch GET 200 https://registry.npmjs.org/path-scurry 568ms (cache miss)
557 silly packumentCache full:https://registry.npmjs.org/path-scurry set size:undefined disposed:false
558 silly fetch manifest debug@^4.1.1
559 silly packumentCache full:https://registry.npmjs.org/debug cache-miss
560 http cache https://registry.npmjs.org/semver 21ms (cache hit)
561 silly packumentCache full:https://registry.npmjs.org/semver set size:246069 disposed:false
562 silly fetch manifest html-escaper@^2.0.0
563 silly packumentCache full:https://registry.npmjs.org/html-escaper cache-miss
564 http fetch GET 200 https://registry.npmjs.org/minimatch 583ms (cache miss)
565 silly packumentCache full:https://registry.npmjs.org/minimatch set size:undefined disposed:false
566 silly fetch manifest merge-stream@^2.0.0
567 silly packumentCache full:https://registry.npmjs.org/merge-stream cache-miss
568 http fetch GET 200 https://registry.npmjs.org/@istanbuljs%2fschema 552ms (cache miss)
569 silly packumentCache full:https://registry.npmjs.org/@istanbuljs%2fschema set size:undefined disposed:false
570 silly fetch manifest supports-color@^8.1.1
571 silly packumentCache full:https://registry.npmjs.org/supports-color cache-miss
572 http cache https://registry.npmjs.org/supports-color 6ms (cache hit)
573 silly packumentCache full:https://registry.npmjs.org/supports-color set size:124169 disposed:false
574 silly fetch manifest @ungap/structured-clone@^1.3.0
575 silly packumentCache full:https://registry.npmjs.org/@ungap%2fstructured-clone cache-miss
576 http fetch GET 200 https://registry.npmjs.org/minipass 667ms (cache miss)
577 silly packumentCache full:https://registry.npmjs.org/minipass set size:undefined disposed:false
578 silly fetch manifest char-regex@^1.0.2
579 silly packumentCache full:https://registry.npmjs.org/char-regex cache-miss
580 http fetch GET 200 https://registry.npmjs.org/@babel%2fparser 817ms (cache miss)
581 silly packumentCache full:https://registry.npmjs.org/@babel%2fparser set size:undefined disposed:false
582 silly fetch manifest strip-ansi@^6.0.0
583 silly packumentCache full:https://registry.npmjs.org/strip-ansi cache-miss
584 http fetch GET 200 https://registry.npmjs.org/make-dir 398ms (cache miss)
585 silly packumentCache full:https://registry.npmjs.org/make-dir set size:undefined disposed:false
586 silly fetch manifest @types/istanbul-lib-coverage@^2.0.1
587 silly packumentCache full:https://registry.npmjs.org/@types%2fistanbul-lib-coverage cache-miss
588 http fetch GET 200 https://registry.npmjs.org/merge-stream 393ms (cache miss)
589 silly packumentCache full:https://registry.npmjs.org/merge-stream set size:undefined disposed:false
590 http fetch GET 200 https://registry.npmjs.org/html-escaper 402ms (cache miss)
591 silly packumentCache full:https://registry.npmjs.org/html-escaper set size:undefined disposed:false
592 http cache https://registry.npmjs.org/@types%2fistanbul-lib-coverage 34ms (cache hit)
593 silly packumentCache full:https://registry.npmjs.org/@types%2fistanbul-lib-coverage set size:18110 disposed:false
594 http fetch GET 200 https://registry.npmjs.org/debug 425ms (cache miss)
595 silly packumentCache full:https://registry.npmjs.org/debug set size:undefined disposed:false
596 http fetch GET 200 https://registry.npmjs.org/char-regex 327ms (cache miss)
597 silly packumentCache full:https://registry.npmjs.org/char-regex set size:undefined disposed:false
598 http fetch GET 200 https://registry.npmjs.org/@ungap%2fstructured-clone 407ms (cache miss)
599 silly packumentCache full:https://registry.npmjs.org/@ungap%2fstructured-clone set size:undefined disposed:false
600 http fetch GET 200 https://registry.npmjs.org/strip-ansi 210ms (cache miss)
601 silly packumentCache full:https://registry.npmjs.org/strip-ansi set size:undefined disposed:false
602 silly placeDep ROOT @types/istanbul-lib-coverage@2.0.6 OK for: @jest/test-result@30.5.1 want: ^2.0.6
603 silly placeDep ROOT @babel/core@7.29.7 OK for: @jest/transform@30.5.1 want: ^7.27.4
604 silly placeDep ROOT babel-plugin-istanbul@8.0.0 OK for: @jest/transform@30.5.1 want: ^8.0.0
605 silly placeDep ROOT convert-source-map@2.0.0 OK for: @jest/transform@30.5.1 want: ^2.0.0
606 silly placeDep ROOT pirates@4.0.7 OK for: @jest/transform@30.5.1 want: ^4.0.7
607 silly placeDep ROOT write-file-atomic@5.0.1 OK for: @jest/transform@30.5.1 want: ^5.0.1
608 silly fetch manifest debug@^4.1.0
609 silly packumentCache full:https://registry.npmjs.org/debug cache-miss
610 silly fetch manifest json5@^2.2.3
611 silly packumentCache full:https://registry.npmjs.org/json5 cache-miss
612 silly fetch manifest semver@^6.3.1
613 silly packumentCache full:https://registry.npmjs.org/semver cache-hit
614 silly fetch manifest gensync@^1.0.0-beta.2
615 silly packumentCache full:https://registry.npmjs.org/gensync cache-miss
616 silly fetch manifest @babel/types@^7.29.7
617 silly packumentCache full:https://registry.npmjs.org/@babel%2ftypes cache-miss
618 silly fetch manifest @babel/parser@^7.29.7
619 silly packumentCache full:https://registry.npmjs.org/@babel%2fparser cache-miss
620 silly fetch manifest @babel/helpers@^7.29.7
621 silly packumentCache full:https://registry.npmjs.org/@babel%2fhelpers cache-miss
622 silly fetch manifest @babel/template@^7.29.7
623 silly packumentCache full:https://registry.npmjs.org/@babel%2ftemplate cache-miss
624 http cache https://registry.npmjs.org/@babel%2fparser 19ms (cache hit)
625 silly packumentCache full:https://registry.npmjs.org/@babel%2fparser set size:737961 disposed:false
626 silly fetch manifest @babel/traverse@^7.29.7
627 silly packumentCache full:https://registry.npmjs.org/@babel%2ftraverse cache-miss
628 http cache https://registry.npmjs.org/@babel%2ftypes 30ms (cache hit)
629 silly packumentCache full:https://registry.npmjs.org/@babel%2ftypes set size:502938 disposed:false
630 silly fetch manifest @babel/generator@^7.29.7
631 silly packumentCache full:https://registry.npmjs.org/@babel%2fgenerator cache-miss
632 http cache https://registry.npmjs.org/debug 38ms (cache hit)
633 silly packumentCache full:https://registry.npmjs.org/debug set size:195840 disposed:false
634 silly fetch manifest @babel/code-frame@^7.29.7
635 silly packumentCache full:https://registry.npmjs.org/@babel%2fcode-frame cache-miss
636 http cache https://registry.npmjs.org/@babel%2fgenerator 12ms (cache hit)
637 silly packumentCache full:https://registry.npmjs.org/@babel%2fgenerator set size:522841 disposed:false
638 silly fetch manifest @jridgewell/remapping@^2.3.5
639 silly packumentCache full:https://registry.npmjs.org/@jridgewell%2fremapping cache-miss
640 http cache https://registry.npmjs.org/@babel%2fcode-frame 15ms (cache hit)
641 silly packumentCache full:https://registry.npmjs.org/@babel%2fcode-frame set size:206617 disposed:false
642 silly fetch manifest @babel/helper-module-transforms@^7.29.7
643 silly packumentCache full:https://registry.npmjs.org/@babel%2fhelper-module-transforms cache-miss
644 http fetch GET 200 https://registry.npmjs.org/gensync 290ms (cache miss)
645 silly packumentCache full:https://registry.npmjs.org/gensync set size:undefined disposed:false
646 silly fetch manifest @babel/helper-compilation-targets@^7.29.7
647 silly packumentCache full:https://registry.npmjs.org/@babel%2fhelper-compilation-targets cache-miss
648 http fetch GET 200 https://registry.npmjs.org/json5 293ms (cache miss)
649 silly packumentCache full:https://registry.npmjs.org/json5 set size:undefined disposed:false
650 silly fetch manifest @babel/helper-plugin-utils@^7.0.0
651 silly packumentCache full:https://registry.npmjs.org/@babel%2fhelper-plugin-utils cache-miss
652 http fetch GET 200 https://registry.npmjs.org/@jridgewell%2fremapping 268ms (cache miss)
653 silly packumentCache full:https://registry.npmjs.org/@jridgewell%2fremapping set size:undefined disposed:false
654 silly fetch manifest @istanbuljs/load-nyc-config@^1.0.0
655 silly packumentCache full:https://registry.npmjs.org/@istanbuljs%2fload-nyc-config cache-miss
656 http fetch GET 200 https://registry.npmjs.org/@babel%2ftemplate 326ms (cache miss)
657 silly packumentCache full:https://registry.npmjs.org/@babel%2ftemplate set size:undefined disposed:false
658 silly fetch manifest test-exclude@^7.0.1
659 silly packumentCache full:https://registry.npmjs.org/test-exclude cache-miss
660 http fetch GET 200 https://registry.npmjs.org/@babel%2fhelper-module-transforms 355ms (cache miss)
661 silly packumentCache full:https://registry.npmjs.org/@babel%2fhelper-module-transforms set size:undefined disposed:false
662 silly fetch manifest imurmurhash@^0.1.4
663 silly packumentCache full:https://registry.npmjs.org/imurmurhash cache-miss
664 http fetch GET 200 https://registry.npmjs.org/@babel%2fhelpers 420ms (cache miss)
665 silly packumentCache full:https://registry.npmjs.org/@babel%2fhelpers set size:undefined disposed:false
666 silly fetch manifest signal-exit@^4.0.1
667 silly packumentCache full:https://registry.npmjs.org/signal-exit cache-miss
668 http fetch GET 200 https://registry.npmjs.org/@babel%2ftraverse 594ms (cache miss)
669 silly packumentCache full:https://registry.npmjs.org/@babel%2ftraverse set size:undefined disposed:false
670 http fetch GET 200 https://registry.npmjs.org/@istanbuljs%2fload-nyc-config 478ms (cache miss)
671 silly packumentCache full:https://registry.npmjs.org/@istanbuljs%2fload-nyc-config set size:undefined disposed:false
672 http fetch GET 200 https://registry.npmjs.org/@babel%2fhelper-compilation-targets 514ms (cache miss)
673 silly packumentCache full:https://registry.npmjs.org/@babel%2fhelper-compilation-targets set size:undefined disposed:false
674 http fetch GET 200 https://registry.npmjs.org/@babel%2fhelper-plugin-utils 547ms (cache miss)
675 silly packumentCache full:https://registry.npmjs.org/@babel%2fhelper-plugin-utils set size:undefined disposed:false
676 http fetch GET 200 https://registry.npmjs.org/test-exclude 519ms (cache miss)
677 silly packumentCache full:https://registry.npmjs.org/test-exclude set size:undefined disposed:false
678 http fetch GET 200 https://registry.npmjs.org/signal-exit 697ms (cache miss)
679 silly packumentCache full:https://registry.npmjs.org/signal-exit set size:undefined disposed:false
680 http fetch GET 200 https://registry.npmjs.org/imurmurhash 712ms (cache miss)
681 silly packumentCache full:https://registry.npmjs.org/imurmurhash set size:undefined disposed:false
682 silly fetch manifest @babel/core@^7.0.0
683 silly packumentCache full:https://registry.npmjs.org/@babel%2fcore cache-hit
684 silly placeDep ROOT @babel/code-frame@7.29.7 OK for: @babel/core@7.29.7 want: ^7.29.7
685 silly placeDep ROOT @babel/generator@7.29.8 OK for: @babel/core@7.29.7 want: ^7.29.7
686 silly placeDep ROOT @babel/helper-compilation-targets@7.29.7 OK for: @babel/core@7.29.7 want: ^7.29.7
687 silly placeDep ROOT @babel/helper-module-transforms@7.29.7 OK for: @babel/core@7.29.7 want: ^7.29.7
688 silly placeDep ROOT @babel/helpers@7.29.7 OK for: @babel/core@7.29.7 want: ^7.29.7
689 silly placeDep ROOT @babel/parser@7.29.8 OK for: @babel/core@7.29.7 want: ^7.29.7
690 silly placeDep ROOT @babel/template@7.29.7 OK for: @babel/core@7.29.7 want: ^7.29.7
691 silly placeDep ROOT @babel/traverse@7.29.8 OK for: @babel/core@7.29.7 want: ^7.29.7
692 silly placeDep ROOT @babel/types@7.29.8 OK for: @babel/core@7.29.7 want: ^7.29.7
693 silly placeDep ROOT @jridgewell/remapping@2.3.5 OK for: @babel/core@7.29.7 want: ^2.3.5
694 silly placeDep ROOT debug@4.4.3 OK for: @babel/core@7.29.7 want: ^4.1.0
695 silly placeDep ROOT gensync@1.0.0-beta.2 OK for: @babel/core@7.29.7 want: ^1.0.0-beta.2
696 silly placeDep ROOT json5@2.2.3 OK for: @babel/core@7.29.7 want: ^2.2.3
697 silly placeDep ROOT semver@6.3.1 OK for: @babel/core@7.29.7 want: ^6.3.1
698 silly fetch manifest js-tokens@^4.0.0
699 silly packumentCache full:https://registry.npmjs.org/js-tokens cache-miss
700 silly fetch manifest picocolors@^1.1.1
701 silly packumentCache full:https://registry.npmjs.org/picocolors cache-miss
702 silly fetch manifest @babel/helper-validator-identifier@^7.29.7
703 silly packumentCache full:https://registry.npmjs.org/@babel%2fhelper-validator-identifier cache-miss
704 silly fetch manifest jsesc@^3.0.2
705 silly packumentCache full:https://registry.npmjs.org/jsesc cache-miss
706 silly fetch manifest @babel/types@^7.29.8
707 silly packumentCache full:https://registry.npmjs.org/@babel%2ftypes cache-hit
708 silly fetch manifest @babel/parser@^7.29.8
709 silly packumentCache full:https://registry.npmjs.org/@babel%2fparser cache-hit
710 silly fetch manifest @jridgewell/gen-mapping@^0.3.12
711 silly packumentCache full:https://registry.npmjs.org/@jridgewell%2fgen-mapping cache-miss
712 silly fetch manifest lru-cache@^5.1.1
713 silly packumentCache full:https://registry.npmjs.org/lru-cache cache-miss
714 silly fetch manifest browserslist@^4.24.0
715 silly packumentCache full:https://registry.npmjs.org/browserslist cache-miss
716 http fetch GET 200 https://registry.npmjs.org/js-tokens 158ms (cache miss)
717 silly packumentCache full:https://registry.npmjs.org/js-tokens set size:undefined disposed:false
718 silly fetch manifest @babel/compat-data@^7.29.7
719 silly packumentCache full:https://registry.npmjs.org/@babel%2fcompat-data cache-miss
720 http fetch GET 200 https://registry.npmjs.org/picocolors 171ms (cache miss)
721 silly packumentCache full:https://registry.npmjs.org/picocolors set size:undefined disposed:false
722 silly fetch manifest @babel/helper-validator-option@^7.29.7
723 silly packumentCache full:https://registry.npmjs.org/@babel%2fhelper-validator-option cache-miss
724 http fetch GET 200 https://registry.npmjs.org/@babel%2fhelper-validator-identifier 244ms (cache miss)
725 silly packumentCache full:https://registry.npmjs.org/@babel%2fhelper-validator-identifier set size:undefined disposed:false
726 silly fetch manifest @babel/helper-module-imports@^7.29.7
727 silly packumentCache full:https://registry.npmjs.org/@babel%2fhelper-module-imports cache-miss
728 http fetch GET 200 https://registry.npmjs.org/jsesc 257ms (cache miss)
729 silly packumentCache full:https://registry.npmjs.org/jsesc set size:undefined disposed:false
730 silly fetch manifest debug@^4.3.1
731 silly packumentCache full:https://registry.npmjs.org/debug cache-hit
732 silly fetch manifest @babel/helper-globals@^7.29.7
733 silly packumentCache full:https://registry.npmjs.org/@babel%2fhelper-globals cache-miss
734 http fetch GET 200 https://registry.npmjs.org/@jridgewell%2fgen-mapping 432ms (cache miss)
735 silly packumentCache full:https://registry.npmjs.org/@jridgewell%2fgen-mapping set size:undefined disposed:false
736 silly fetch manifest @babel/helper-string-parser@^7.29.7
737 silly packumentCache full:https://registry.npmjs.org/@babel%2fhelper-string-parser cache-miss
738 http fetch GET 200 https://registry.npmjs.org/lru-cache 680ms (cache miss)
739 silly packumentCache full:https://registry.npmjs.org/lru-cache set size:undefined disposed:false
740 silly fetch manifest @jridgewell/gen-mapping@^0.3.5
741 silly packumentCache full:https://registry.npmjs.org/@jridgewell%2fgen-mapping cache-miss
742 http cache https://registry.npmjs.org/@jridgewell%2fgen-mapping 17ms (cache hit)
743 silly packumentCache full:https://registry.npmjs.org/@jridgewell%2fgen-mapping set size:75941 disposed:false
744 silly fetch manifest ms@^2.1.3
745 silly packumentCache full:https://registry.npmjs.org/ms cache-miss
746 http fetch GET 200 https://registry.npmjs.org/browserslist 708ms (cache miss)
747 silly packumentCache full:https://registry.npmjs.org/browserslist set size:undefined disposed:false
748 http fetch GET 200 https://registry.npmjs.org/@babel%2fhelper-validator-option 824ms (cache miss)
749 silly packumentCache full:https://registry.npmjs.org/@babel%2fhelper-validator-option set size:undefined disposed:false
750 http fetch GET 200 https://registry.npmjs.org/@babel%2fcompat-data 948ms (cache miss)
751 silly packumentCache full:https://registry.npmjs.org/@babel%2fcompat-data set size:undefined disposed:false
752 http fetch GET 200 https://registry.npmjs.org/@babel%2fhelper-module-imports 866ms (cache miss)
753 silly packumentCache full:https://registry.npmjs.org/@babel%2fhelper-module-imports set size:undefined disposed:false
754 http fetch GET 200 https://registry.npmjs.org/@babel%2fhelper-globals 859ms (cache miss)
755 silly packumentCache full:https://registry.npmjs.org/@babel%2fhelper-globals set size:undefined disposed:false
756 http fetch GET 200 https://registry.npmjs.org/@babel%2fhelper-string-parser 788ms (cache miss)
757 silly packumentCache full:https://registry.npmjs.org/@babel%2fhelper-string-parser set size:undefined disposed:false
758 http fetch GET 200 https://registry.npmjs.org/ms 676ms (cache miss)
759 silly packumentCache full:https://registry.npmjs.org/ms set size:undefined disposed:false
760 silly placeDep ROOT @babel/helper-validator-identifier@7.29.7 OK for: @babel/code-frame@7.29.7 want: ^7.29.7
761 silly placeDep ROOT js-tokens@4.0.0 OK for: @babel/code-frame@7.29.7 want: ^4.0.0
762 silly placeDep ROOT picocolors@1.1.1 OK for: @babel/code-frame@7.29.7 want: ^1.1.1
763 silly placeDep ROOT @jridgewell/gen-mapping@0.3.13 OK for: @babel/generator@7.29.8 want: ^0.3.12
764 silly placeDep ROOT jsesc@3.1.0 OK for: @babel/generator@7.29.8 want: ^3.0.2
765 silly fetch manifest @jridgewell/sourcemap-codec@^1.5.0
766 silly packumentCache full:https://registry.npmjs.org/@jridgewell%2fsourcemap-codec cache-miss
767 http cache https://registry.npmjs.org/@jridgewell%2fsourcemap-codec 6ms (cache hit)
768 silly packumentCache full:https://registry.npmjs.org/@jridgewell%2fsourcemap-codec set size:65255 disposed:false
769 silly placeDep ROOT @babel/compat-data@7.29.7 OK for: @babel/helper-compilation-targets@7.29.7 want: ^7.29.7
770 silly placeDep ROOT @babel/helper-validator-option@7.29.7 OK for: @babel/helper-compilation-targets@7.29.7 want: ^7.29.7
771 silly placeDep ROOT browserslist@4.28.8 OK for: @babel/helper-compilation-targets@7.29.7 want: ^4.24.0
772 silly placeDep ROOT lru-cache@5.1.1 OK for: @babel/helper-compilation-targets@7.29.7 want: ^5.1.1
773 silly fetch manifest caniuse-lite@^1.0.30001809
774 silly packumentCache full:https://registry.npmjs.org/caniuse-lite cache-miss
775 silly fetch manifest node-releases@^2.0.53
776 silly packumentCache full:https://registry.npmjs.org/node-releases cache-miss
777 silly fetch manifest electron-to-chromium@^1.5.402
778 silly packumentCache full:https://registry.npmjs.org/electron-to-chromium cache-miss
779 silly fetch manifest update-browserslist-db@^1.3.0
780 silly packumentCache full:https://registry.npmjs.org/update-browserslist-db cache-miss
781 silly fetch manifest baseline-browser-mapping@^2.11.12
782 silly packumentCache full:https://registry.npmjs.org/baseline-browser-mapping cache-miss
783 silly fetch manifest yallist@^3.0.2
784 silly packumentCache full:https://registry.npmjs.org/yallist cache-miss
785 http fetch GET 200 https://registry.npmjs.org/node-releases 514ms (cache miss)
786 silly packumentCache full:https://registry.npmjs.org/node-releases set size:undefined disposed:false
787 http fetch GET 200 https://registry.npmjs.org/update-browserslist-db 731ms (cache miss)
788 silly packumentCache full:https://registry.npmjs.org/update-browserslist-db set size:undefined disposed:false
789 http fetch GET 200 https://registry.npmjs.org/caniuse-lite 2000ms (cache miss)
790 silly packumentCache full:https://registry.npmjs.org/caniuse-lite set size:undefined disposed:false
791 http fetch GET 200 https://registry.npmjs.org/baseline-browser-mapping 2631ms (cache miss)
792 silly packumentCache full:https://registry.npmjs.org/baseline-browser-mapping set size:undefined disposed:false
793 http fetch GET 200 https://registry.npmjs.org/yallist 2803ms (cache miss)
794 silly packumentCache full:https://registry.npmjs.org/yallist set size:undefined disposed:false
795 http fetch GET 200 https://registry.npmjs.org/electron-to-chromium 3872ms (cache miss)
796 silly packumentCache full:https://registry.npmjs.org/electron-to-chromium set size:undefined disposed:false
797 silly placeDep ROOT @babel/helper-module-imports@7.29.7 OK for: @babel/helper-module-transforms@7.29.7 want: ^7.29.7
798 silly placeDep ROOT @babel/helper-globals@7.29.7 OK for: @babel/traverse@7.29.8 want: ^7.29.7
799 silly placeDep ROOT @babel/helper-string-parser@7.29.7 OK for: @babel/types@7.29.8 want: ^7.29.7
800 silly placeDep ROOT @jest/schemas@30.5.0 OK for: @jest/types@30.5.1 want: 30.5.0
801 silly placeDep ROOT @types/istanbul-reports@3.0.4 OK for: @jest/types@30.5.1 want: ^3.0.4
802 silly placeDep ROOT @types/yargs@17.0.35 OK for: @jest/types@30.5.1 want: ^17.0.33
803 silly fetch manifest @sinclair/typebox@^0.34.0
804 silly packumentCache full:https://registry.npmjs.org/@sinclair%2ftypebox cache-miss
805 silly fetch manifest @types/istanbul-lib-report@*
806 silly packumentCache full:https://registry.npmjs.org/@types%2fistanbul-lib-report cache-miss
807 silly fetch manifest @types/yargs-parser@*
808 silly packumentCache full:https://registry.npmjs.org/@types%2fyargs-parser cache-miss
809 http fetch GET 200 https://registry.npmjs.org/@types%2fistanbul-lib-report 468ms (cache miss)
810 silly packumentCache full:https://registry.npmjs.org/@types%2fistanbul-lib-report set size:undefined disposed:false
811 http fetch GET 200 https://registry.npmjs.org/@types%2fyargs-parser 494ms (cache miss)
812 silly packumentCache full:https://registry.npmjs.org/@types%2fyargs-parser set size:undefined disposed:false
813 http fetch GET 200 https://registry.npmjs.org/@sinclair%2ftypebox 972ms (cache miss)
814 silly packumentCache full:https://registry.npmjs.org/@sinclair%2ftypebox set size:undefined disposed:false
815 silly placeDep ROOT @sinclair/typebox@0.34.52 OK for: @jest/schemas@30.5.0 want: ^0.34.0
816 silly placeDep ROOT @jridgewell/sourcemap-codec@1.6.0 OK for: @jridgewell/gen-mapping@0.3.13 want: ^1.5.0
817 silly placeDep ROOT @jridgewell/resolve-uri@3.1.2 OK for: @jridgewell/trace-mapping@0.3.31 want: ^3.1.0
818 silly placeDep ROOT @types/istanbul-lib-report@3.0.3 OK for: @types/istanbul-reports@3.0.4 want: *
819 silly placeDep ROOT undici-types@8.3.0 OK for: @types/node@26.4.1 want: ~8.3.0
820 silly placeDep ROOT @types/yargs-parser@21.0.3 OK for: @types/yargs@17.0.35 want: *
821 silly placeDep ROOT type-fest@0.21.3 OK for: ansi-escapes@4.3.2 want: ^0.21.3
822 silly placeDep ROOT @babel/helper-plugin-utils@7.29.7 OK for: babel-plugin-istanbul@8.0.0 want: ^7.0.0
823 silly placeDep ROOT @istanbuljs/load-nyc-config@1.1.0 OK for: babel-plugin-istanbul@8.0.0 want: ^1.0.0
824 silly placeDep ROOT @istanbuljs/schema@0.1.6 OK for: babel-plugin-istanbul@8.0.0 want: ^0.1.3
825 silly placeDep ROOT test-exclude@7.0.2 OK for: babel-plugin-istanbul@8.0.0 want: ^7.0.1
826 silly fetch manifest camelcase@^5.3.1
827 silly packumentCache full:https://registry.npmjs.org/camelcase cache-miss
828 silly fetch manifest find-up@^4.1.0
829 silly packumentCache full:https://registry.npmjs.org/find-up cache-miss
830 silly fetch manifest get-package-type@^0.1.0
831 silly packumentCache full:https://registry.npmjs.org/get-package-type cache-miss
832 silly fetch manifest js-yaml@^3.13.1
833 silly packumentCache full:https://registry.npmjs.org/js-yaml cache-miss
834 silly fetch manifest resolve-from@^5.0.0
835 silly packumentCache full:https://registry.npmjs.org/resolve-from cache-miss
836 silly fetch manifest glob@^10.4.1
837 silly packumentCache full:https://registry.npmjs.org/glob cache-miss
838 http cache https://registry.npmjs.org/glob 16ms (cache hit)
839 silly packumentCache full:https://registry.npmjs.org/glob set size:469465 disposed:false
840 http cache https://registry.npmjs.org/camelcase 27ms (cache hit)
841 silly packumentCache full:https://registry.npmjs.org/camelcase set size:60255 disposed:false
842 http fetch GET 200 https://registry.npmjs.org/find-up 255ms (cache miss)
843 silly packumentCache full:https://registry.npmjs.org/find-up set size:undefined disposed:false
844 http fetch GET 200 https://registry.npmjs.org/get-package-type 261ms (cache miss)
845 silly packumentCache full:https://registry.npmjs.org/get-package-type set size:undefined disposed:false
846 http fetch GET 200 https://registry.npmjs.org/js-yaml 361ms (cache miss)
847 silly packumentCache full:https://registry.npmjs.org/js-yaml set size:undefined disposed:false
848 http fetch GET 200 https://registry.npmjs.org/resolve-from 369ms (cache miss)
849 silly packumentCache full:https://registry.npmjs.org/resolve-from set size:undefined disposed:false
850 silly placeDep ROOT camelcase@5.3.1 OK for: @istanbuljs/load-nyc-config@1.1.0 want: ^5.3.1
851 silly placeDep ROOT find-up@4.1.0 OK for: @istanbuljs/load-nyc-config@1.1.0 want: ^4.1.0
852 silly placeDep ROOT get-package-type@0.1.0 OK for: @istanbuljs/load-nyc-config@1.1.0 want: ^0.1.0
853 silly placeDep ROOT js-yaml@3.15.2 OK for: @istanbuljs/load-nyc-config@1.1.0 want: ^3.13.1
854 silly placeDep ROOT resolve-from@5.0.0 OK for: @istanbuljs/load-nyc-config@1.1.0 want: ^5.0.0
855 silly fetch manifest locate-path@^5.0.0
856 silly packumentCache full:https://registry.npmjs.org/locate-path cache-miss
857 silly fetch manifest path-exists@^4.0.0
858 silly packumentCache full:https://registry.npmjs.org/path-exists cache-miss
859 silly fetch manifest esprima@^4.0.0
860 silly packumentCache full:https://registry.npmjs.org/esprima cache-miss
861 silly fetch manifest argparse@^1.0.7
862 silly packumentCache full:https://registry.npmjs.org/argparse cache-miss
863 http fetch GET 200 https://registry.npmjs.org/locate-path 441ms (cache miss)
864 silly packumentCache full:https://registry.npmjs.org/locate-path set size:undefined disposed:false
865 http fetch GET 200 https://registry.npmjs.org/path-exists 460ms (cache miss)
866 silly packumentCache full:https://registry.npmjs.org/path-exists set size:undefined disposed:false
867 http fetch GET 200 https://registry.npmjs.org/argparse 595ms (cache miss)
868 silly packumentCache full:https://registry.npmjs.org/argparse set size:undefined disposed:false
869 http fetch GET 200 https://registry.npmjs.org/esprima 599ms (cache miss)
870 silly packumentCache full:https://registry.npmjs.org/esprima set size:undefined disposed:false
871 silly fetch manifest browserslist@>= 4.21.0
872 silly packumentCache full:https://registry.npmjs.org/browserslist cache-miss
873 http cache https://registry.npmjs.org/browserslist 12ms (cache hit)
874 silly packumentCache full:https://registry.npmjs.org/browserslist set size:518659 disposed:false
875 silly placeDep ROOT baseline-browser-mapping@2.11.20 OK for: browserslist@4.28.8 want: ^2.11.12
876 silly placeDep ROOT caniuse-lite@1.0.30001810 OK for: browserslist@4.28.8 want: ^1.0.30001809
877 silly placeDep ROOT electron-to-chromium@1.5.420 OK for: browserslist@4.28.8 want: ^1.5.402
878 silly placeDep ROOT node-releases@2.0.54 OK for: browserslist@4.28.8 want: ^2.0.53
879 silly placeDep ROOT update-browserslist-db@1.3.2 OK for: browserslist@4.28.8 want: ^1.3.0
880 silly fetch manifest escalade@^3.2.0
881 silly packumentCache full:https://registry.npmjs.org/escalade cache-miss
882 http fetch GET 200 https://registry.npmjs.org/escalade 175ms (cache miss)
883 silly packumentCache full:https://registry.npmjs.org/escalade set size:undefined disposed:false
884 silly placeDep ROOT ansi-styles@4.3.0 OK for: chalk@4.1.2 want: ^4.1.0
885 silly placeDep ROOT supports-color@7.2.0 OK for: chalk@4.1.2 want: ^7.1.0
886 silly fetch manifest color-convert@^2.0.1
887 silly packumentCache full:https://registry.npmjs.org/color-convert cache-miss
888 silly fetch manifest has-flag@^4.0.0
889 silly packumentCache full:https://registry.npmjs.org/has-flag cache-miss
890 http fetch GET 200 https://registry.npmjs.org/color-convert 205ms (cache miss)
891 silly packumentCache full:https://registry.npmjs.org/color-convert set size:undefined disposed:false
892 http fetch GET 200 https://registry.npmjs.org/has-flag 210ms (cache miss)
893 silly packumentCache full:https://registry.npmjs.org/has-flag set size:undefined disposed:false
894 silly placeDep ROOT color-convert@2.0.1 OK for: ansi-styles@4.3.0 want: ^2.0.1
895 silly fetch manifest color-name@~1.1.4
896 silly packumentCache full:https://registry.npmjs.org/color-name cache-miss
897 http fetch GET 200 https://registry.npmjs.org/color-name 416ms (cache miss)
898 silly packumentCache full:https://registry.npmjs.org/color-name set size:undefined disposed:false
899 silly placeDep ROOT color-name@1.1.4 OK for: color-convert@2.0.1 want: ~1.1.4
900 silly placeDep ROOT ms@2.1.3 OK for: debug@4.4.3 want: ^2.1.3
901 silly placeDep ROOT locate-path@5.0.0 OK for: find-up@4.1.0 want: ^5.0.0
902 silly placeDep ROOT path-exists@4.0.0 OK for: find-up@4.1.0 want: ^4.0.0
903 silly fetch manifest p-locate@^4.1.0
904 silly packumentCache full:https://registry.npmjs.org/p-locate cache-miss
905 http fetch GET 200 https://registry.npmjs.org/p-locate 113ms (cache miss)
906 silly packumentCache full:https://registry.npmjs.org/p-locate set size:undefined disposed:false
907 silly placeDep ROOT minimatch@10.2.6 OK for: glob@13.0.6 want: ^10.2.2
908 silly placeDep ROOT minipass@7.1.3 OK for: glob@13.0.6 want: ^7.1.3
909 silly placeDep ROOT path-scurry@2.0.2 OK for: glob@13.0.6 want: ^2.0.2
910 silly fetch manifest brace-expansion@^5.0.8
911 silly packumentCache full:https://registry.npmjs.org/brace-expansion cache-miss
912 silly fetch manifest lru-cache@^11.0.0
913 silly packumentCache full:https://registry.npmjs.org/lru-cache cache-miss
914 http cache https://registry.npmjs.org/lru-cache 8ms (cache hit)
915 silly packumentCache full:https://registry.npmjs.org/lru-cache set size:460407 disposed:false
916 http fetch GET 200 https://registry.npmjs.org/brace-expansion 272ms (cache miss)
917 silly packumentCache full:https://registry.npmjs.org/brace-expansion set size:undefined disposed:false
918 silly placeDep ROOT pkg-dir@4.2.0 OK for: import-local@3.2.0 want: ^4.2.0
919 silly placeDep ROOT resolve-cwd@3.0.0 OK for: import-local@3.2.0 want: ^3.0.0
920 silly placeDep node_modules/istanbul-lib-instrument semver@7.8.5 OK for: istanbul-lib-instrument@6.0.3 want: ^7.5.4
921 silly placeDep ROOT make-dir@4.0.0 OK for: istanbul-lib-report@3.0.1 want: ^4.0.0
922 silly fetch manifest semver@^7.5.3
923 silly packumentCache full:https://registry.npmjs.org/semver cache-hit
924 silly placeDep ROOT html-escaper@2.0.2 OK for: istanbul-reports@3.2.0 want: ^2.0.0
925 silly placeDep ROOT execa@5.1.1 OK for: jest-changed-files@30.5.1 want: ^5.1.1
926 silly placeDep ROOT p-limit@3.1.0 OK for: jest-changed-files@30.5.1 want: ^3.1.0
927 silly fetch manifest onetime@^5.1.2
928 silly packumentCache full:https://registry.npmjs.org/onetime cache-miss
929 silly fetch manifest is-stream@^2.0.0
930 silly packumentCache full:https://registry.npmjs.org/is-stream cache-miss
931 silly fetch manifest get-stream@^6.0.0
932 silly packumentCache full:https://registry.npmjs.org/get-stream cache-miss
933 silly fetch manifest cross-spawn@^7.0.3
934 silly packumentCache full:https://registry.npmjs.org/cross-spawn cache-miss
935 silly fetch manifest signal-exit@^3.0.3
936 silly packumentCache full:https://registry.npmjs.org/signal-exit cache-miss
937 silly fetch manifest npm-run-path@^4.0.1
938 silly packumentCache full:https://registry.npmjs.org/npm-run-path cache-miss
939 silly fetch manifest human-signals@^2.1.0
940 silly packumentCache full:https://registry.npmjs.org/human-signals cache-miss
941 http cache https://registry.npmjs.org/signal-exit 35ms (cache hit)
942 silly packumentCache full:https://registry.npmjs.org/signal-exit set size:53489 disposed:false
943 silly fetch manifest strip-final-newline@^2.0.0
944 silly packumentCache full:https://registry.npmjs.org/strip-final-newline cache-miss
945 http fetch GET 200 https://registry.npmjs.org/onetime 190ms (cache miss)
946 silly packumentCache full:https://registry.npmjs.org/onetime set size:undefined disposed:false
947 silly fetch manifest yocto-queue@^0.1.0
948 silly packumentCache full:https://registry.npmjs.org/yocto-queue cache-miss
949 http fetch GET 200 https://registry.npmjs.org/is-stream 197ms (cache miss)
950 silly packumentCache full:https://registry.npmjs.org/is-stream set size:undefined disposed:false
951 http fetch GET 200 https://registry.npmjs.org/get-stream 231ms (cache miss)
952 silly packumentCache full:https://registry.npmjs.org/get-stream set size:undefined disposed:false
953 http fetch GET 200 https://registry.npmjs.org/cross-spawn 275ms (cache miss)
954 silly packumentCache full:https://registry.npmjs.org/cross-spawn set size:undefined disposed:false
955 http fetch GET 200 https://registry.npmjs.org/npm-run-path 278ms (cache miss)
956 silly packumentCache full:https://registry.npmjs.org/npm-run-path set size:undefined disposed:false
957 http fetch GET 200 https://registry.npmjs.org/human-signals 427ms (cache miss)
958 silly packumentCache full:https://registry.npmjs.org/human-signals set size:undefined disposed:false
959 http fetch GET 200 https://registry.npmjs.org/strip-final-newline 417ms (cache miss)
960 silly packumentCache full:https://registry.npmjs.org/strip-final-newline set size:undefined disposed:false
961 http fetch GET 200 https://registry.npmjs.org/yocto-queue 285ms (cache miss)
962 silly packumentCache full:https://registry.npmjs.org/yocto-queue set size:undefined disposed:false
963 silly placeDep ROOT cross-spawn@7.0.6 OK for: execa@5.1.1 want: ^7.0.3
964 silly placeDep ROOT get-stream@6.0.1 OK for: execa@5.1.1 want: ^6.0.0
965 silly placeDep ROOT human-signals@2.1.0 OK for: execa@5.1.1 want: ^2.1.0
966 silly placeDep ROOT is-stream@2.0.1 OK for: execa@5.1.1 want: ^2.0.0
967 silly placeDep ROOT merge-stream@2.0.0 OK for: execa@5.1.1 want: ^2.0.0
968 silly placeDep ROOT npm-run-path@4.0.1 OK for: execa@5.1.1 want: ^4.0.1
969 silly placeDep ROOT onetime@5.1.2 OK for: execa@5.1.1 want: ^5.1.2
970 silly placeDep ROOT signal-exit@3.0.7 OK for: execa@5.1.1 want: ^3.0.3
971 silly placeDep ROOT strip-final-newline@2.0.0 OK for: execa@5.1.1 want: ^2.0.0
972 silly fetch manifest which@^2.0.1
973 silly packumentCache full:https://registry.npmjs.org/which cache-miss
974 silly fetch manifest path-key@^3.1.0
975 silly packumentCache full:https://registry.npmjs.org/path-key cache-miss
976 silly fetch manifest shebang-command@^2.0.0
977 silly packumentCache full:https://registry.npmjs.org/shebang-command cache-miss
978 silly fetch manifest path-key@^3.0.0
979 silly packumentCache full:https://registry.npmjs.org/path-key cache-miss
980 silly fetch manifest mimic-fn@^2.1.0
981 silly packumentCache full:https://registry.npmjs.org/mimic-fn cache-miss
982 http fetch GET 200 https://registry.npmjs.org/which 154ms (cache miss)
983 silly packumentCache full:https://registry.npmjs.org/which set size:undefined disposed:false
984 http fetch GET 200 https://registry.npmjs.org/path-key 157ms (cache miss)
985 silly packumentCache full:https://registry.npmjs.org/path-key set size:undefined disposed:false
986 http fetch GET 200 https://registry.npmjs.org/shebang-command 171ms (cache miss)
987 silly packumentCache full:https://registry.npmjs.org/shebang-command set size:undefined disposed:false
988 http fetch GET 200 https://registry.npmjs.org/path-key 242ms (cache miss)
989 silly packumentCache full:https://registry.npmjs.org/path-key set size:undefined disposed:false
990 http fetch GET 200 https://registry.npmjs.org/mimic-fn 347ms (cache miss)
991 silly packumentCache full:https://registry.npmjs.org/mimic-fn set size:undefined disposed:false
992 silly placeDep ROOT path-key@3.1.1 OK for: cross-spawn@7.0.6 want: ^3.1.0
993 silly placeDep ROOT shebang-command@2.0.0 OK for: cross-spawn@7.0.6 want: ^2.0.0
994 silly placeDep ROOT which@2.0.2 OK for: cross-spawn@7.0.6 want: ^2.0.1
995 silly fetch manifest shebang-regex@^3.0.0
996 silly packumentCache full:https://registry.npmjs.org/shebang-regex cache-miss
997 silly fetch manifest isexe@^2.0.0
998 silly packumentCache full:https://registry.npmjs.org/isexe cache-miss
999 http fetch GET 200 https://registry.npmjs.org/shebang-regex 159ms (cache miss)
1000 silly packumentCache full:https://registry.npmjs.org/shebang-regex set size:undefined disposed:false
1001 http fetch GET 200 https://registry.npmjs.org/isexe 160ms (cache miss)
1002 silly packumentCache full:https://registry.npmjs.org/isexe set size:undefined disposed:false
1003 silly placeDep ROOT yargs@17.7.3 OK for: jest-cli@30.5.1 want: ^17.7.2
1004 silly fetch manifest y18n@^5.0.5
1005 silly packumentCache full:https://registry.npmjs.org/y18n cache-miss
1006 silly fetch manifest cliui@^8.0.1
1007 silly packumentCache full:https://registry.npmjs.org/cliui cache-miss
1008 silly fetch manifest escalade@^3.1.1
1009 silly packumentCache full:https://registry.npmjs.org/escalade cache-miss
1010 silly fetch manifest string-width@^4.2.3
1011 silly packumentCache full:https://registry.npmjs.org/string-width cache-miss
1012 silly fetch manifest yargs-parser@^21.1.1
1013 silly packumentCache full:https://registry.npmjs.org/yargs-parser cache-miss
1014 silly fetch manifest get-caller-file@^2.0.5
1015 silly packumentCache full:https://registry.npmjs.org/get-caller-file cache-miss
1016 silly fetch manifest require-directory@^2.1.1
1017 silly packumentCache full:https://registry.npmjs.org/require-directory cache-miss
1018 http cache https://registry.npmjs.org/escalade 18ms (cache hit)
1019 silly packumentCache full:https://registry.npmjs.org/escalade set size:33724 disposed:false
1020 http fetch GET 200 https://registry.npmjs.org/y18n 659ms (cache miss)
1021 silly packumentCache full:https://registry.npmjs.org/y18n set size:undefined disposed:false
1022 http fetch GET 200 https://registry.npmjs.org/cliui 692ms (cache miss)
1023 silly packumentCache full:https://registry.npmjs.org/cliui set size:undefined disposed:false
1024 http fetch GET 200 https://registry.npmjs.org/string-width 802ms (cache miss)
1025 silly packumentCache full:https://registry.npmjs.org/string-width set size:undefined disposed:false
1026 http fetch GET 200 https://registry.npmjs.org/get-caller-file 891ms (cache miss)
1027 silly packumentCache full:https://registry.npmjs.org/get-caller-file set size:undefined disposed:false
1028 http fetch GET 200 https://registry.npmjs.org/require-directory 931ms (cache miss)
1029 silly packumentCache full:https://registry.npmjs.org/require-directory set size:undefined disposed:false
1030 http fetch GET 200 https://registry.npmjs.org/yargs-parser 1011ms (cache miss)
1031 silly packumentCache full:https://registry.npmjs.org/yargs-parser set size:undefined disposed:false
1032 silly placeDep ROOT @jest/get-type@30.5.0 OK for: jest-config@30.5.1 want: 30.5.0
1033 silly placeDep ROOT @jest/test-sequencer@30.5.1 OK for: jest-config@30.5.1 want: 30.5.1
1034 silly placeDep ROOT babel-jest@30.5.1 OK for: jest-config@30.5.1 want: 30.5.1
1035 silly placeDep ROOT deepmerge@4.3.1 OK for: jest-config@30.5.1 want: ^4.3.1
1036 silly placeDep ROOT jest-circus@30.5.1 OK for: jest-config@30.5.1 want: 30.5.1
1037 silly placeDep ROOT jest-docblock@30.5.0 OK for: jest-config@30.5.1 want: 30.5.0
1038 silly placeDep ROOT jest-environment-node@30.5.1 OK for: jest-config@30.5.1 want: 30.5.1
1039 silly placeDep ROOT parse-json@5.2.0 OK for: jest-config@30.5.1 want: ^5.2.0
1040 silly placeDep ROOT strip-json-comments@3.1.1 OK for: jest-config@30.5.1 want: ^3.1.1
1041 silly fetch manifest babel-preset-jest@30.5.0
1042 silly packumentCache full:https://registry.npmjs.org/babel-preset-jest cache-miss
1043 silly fetch manifest @types/babel__core@^7.20.5
1044 silly packumentCache full:https://registry.npmjs.org/@types%2fbabel__core cache-miss
1045 silly fetch manifest co@^4.6.0
1046 silly packumentCache full:https://registry.npmjs.org/co cache-miss
1047 silly fetch manifest dedent@^1.6.0
1048 silly packumentCache full:https://registry.npmjs.org/dedent cache-miss
1049 silly fetch manifest jest-each@30.5.1
1050 silly packumentCache full:https://registry.npmjs.org/jest-each cache-miss
1051 silly fetch manifest pure-rand@^7.0.0
1052 silly packumentCache full:https://registry.npmjs.org/pure-rand cache-miss
1053 silly fetch manifest @jest/expect@30.5.1
1054 silly packumentCache full:https://registry.npmjs.org/@jest%2fexpect cache-miss
1055 http fetch GET 200 https://registry.npmjs.org/@types%2fbabel__core 952ms (cache miss)
1056 silly packumentCache full:https://registry.npmjs.org/@types%2fbabel__core set size:undefined disposed:false
1057 silly fetch manifest is-generator-fn@^2.1.0
1058 silly packumentCache full:https://registry.npmjs.org/is-generator-fn cache-miss
1059 http fetch GET 200 https://registry.npmjs.org/co 956ms (cache miss)
1060 silly packumentCache full:https://registry.npmjs.org/co set size:undefined disposed:false
1061 silly fetch manifest detect-newline@^3.1.0
1062 silly packumentCache full:https://registry.npmjs.org/detect-newline cache-miss
1063 http fetch GET 200 https://registry.npmjs.org/dedent 968ms (cache miss)
1064 silly packumentCache full:https://registry.npmjs.org/dedent set size:undefined disposed:false
1065 silly fetch manifest error-ex@^1.3.1
1066 silly packumentCache full:https://registry.npmjs.org/error-ex cache-miss
1067 http fetch GET 200 https://registry.npmjs.org/babel-preset-jest 1151ms (cache miss)
1068 silly packumentCache full:https://registry.npmjs.org/babel-preset-jest set size:undefined disposed:false
1069 silly fetch manifest lines-and-columns@^1.1.6
1070 silly packumentCache full:https://registry.npmjs.org/lines-and-columns cache-miss
1071 http fetch GET 200 https://registry.npmjs.org/pure-rand 1153ms (cache miss)
1072 silly packumentCache full:https://registry.npmjs.org/pure-rand set size:undefined disposed:false
1073 silly fetch manifest json-parse-even-better-errors@^2.3.0
1074 silly packumentCache full:https://registry.npmjs.org/json-parse-even-better-errors cache-miss
1075 http fetch GET 200 https://registry.npmjs.org/jest-each 1349ms (cache miss)
1076 silly packumentCache full:https://registry.npmjs.org/jest-each set size:undefined disposed:false
1077 http fetch GET 200 https://registry.npmjs.org/@jest%2fexpect 1567ms (cache miss)
1078 silly packumentCache full:https://registry.npmjs.org/@jest%2fexpect set size:undefined disposed:false
1079 http fetch GET 200 https://registry.npmjs.org/error-ex 1076ms (cache miss)
1080 silly packumentCache full:https://registry.npmjs.org/error-ex set size:undefined disposed:false
1081 http fetch GET 200 https://registry.npmjs.org/json-parse-even-better-errors 1083ms (cache miss)
1082 silly packumentCache full:https://registry.npmjs.org/json-parse-even-better-errors set size:undefined disposed:false
1083 http fetch GET 200 https://registry.npmjs.org/lines-and-columns 1089ms (cache miss)
1084 silly packumentCache full:https://registry.npmjs.org/lines-and-columns set size:undefined disposed:false
1085 http fetch GET 200 https://registry.npmjs.org/is-generator-fn 1964ms (cache miss)
1086 silly packumentCache full:https://registry.npmjs.org/is-generator-fn set size:undefined disposed:false
1087 http fetch GET 200 https://registry.npmjs.org/detect-newline 2273ms (cache miss)
1088 silly packumentCache full:https://registry.npmjs.org/detect-newline set size:undefined disposed:false
1089 silly fetch manifest @babel/core@^7.11.0 || ^8.0.0-0
1090 silly packumentCache full:https://registry.npmjs.org/@babel%2fcore cache-hit
1091 silly placeDep ROOT @types/babel__core@7.20.5 OK for: babel-jest@30.5.1 want: ^7.20.5
1092 silly placeDep ROOT babel-preset-jest@30.5.0 OK for: babel-jest@30.5.1 want: 30.5.0
1093 silly fetch manifest @types/babel__template@*
1094 silly packumentCache full:https://registry.npmjs.org/@types%2fbabel__template cache-miss
1095 silly fetch manifest @types/babel__traverse@*
1096 silly packumentCache full:https://registry.npmjs.org/@types%2fbabel__traverse cache-miss
1097 silly fetch manifest @types/babel__generator@*
1098 silly packumentCache full:https://registry.npmjs.org/@types%2fbabel__generator cache-miss
1099 silly fetch manifest babel-plugin-jest-hoist@30.5.0
1100 silly packumentCache full:https://registry.npmjs.org/babel-plugin-jest-hoist cache-miss
1101 http fetch GET 200 https://registry.npmjs.org/@types%2fbabel__template 294ms (cache miss)
1102 silly packumentCache full:https://registry.npmjs.org/@types%2fbabel__template set size:undefined disposed:false
1103 http fetch GET 200 https://registry.npmjs.org/@types%2fbabel__generator 333ms (cache miss)
1104 silly packumentCache full:https://registry.npmjs.org/@types%2fbabel__generator set size:undefined disposed:false
1105 http fetch GET 200 https://registry.npmjs.org/@types%2fbabel__traverse 402ms (cache miss)
1106 silly packumentCache full:https://registry.npmjs.org/@types%2fbabel__traverse set size:undefined disposed:false
1107 http fetch GET 200 https://registry.npmjs.org/babel-plugin-jest-hoist 685ms (cache miss)
1108 silly packumentCache full:https://registry.npmjs.org/babel-plugin-jest-hoist set size:undefined disposed:false
1109 silly placeDep ROOT @types/babel__generator@7.27.0 OK for: @types/babel__core@7.20.5 want: *
1110 silly placeDep ROOT @types/babel__template@7.4.4 OK for: @types/babel__core@7.20.5 want: *
1111 silly placeDep ROOT @types/babel__traverse@7.28.0 OK for: @types/babel__core@7.20.5 want: *
1112 silly fetch manifest @babel/core@^7.11.0 || ^8.0.0-beta.1 || ^8.0.0
1113 silly packumentCache full:https://registry.npmjs.org/@babel%2fcore cache-hit
1114 silly placeDep ROOT babel-plugin-jest-hoist@30.5.0 OK for: babel-preset-jest@30.5.0 want: 30.5.0
1115 silly placeDep ROOT babel-preset-current-node-syntax@1.2.0 OK for: babel-preset-jest@30.5.0 want: ^1.2.0
1116 silly fetch manifest @babel/plugin-syntax-async-generators@^7.8.4
1117 silly packumentCache full:https://registry.npmjs.org/@babel%2fplugin-syntax-async-generators cache-miss
1118 silly fetch manifest @babel/plugin-syntax-bigint@^7.8.3
1119 silly packumentCache full:https://registry.npmjs.org/@babel%2fplugin-syntax-bigint cache-miss
1120 silly fetch manifest @babel/plugin-syntax-class-properties@^7.12.13
1121 silly packumentCache full:https://registry.npmjs.org/@babel%2fplugin-syntax-class-properties cache-miss
1122 silly fetch manifest @babel/plugin-syntax-class-static-block@^7.14.5
1123 silly packumentCache full:https://registry.npmjs.org/@babel%2fplugin-syntax-class-static-block cache-miss
1124 silly fetch manifest @babel/plugin-syntax-import-attributes@^7.24.7
1125 silly packumentCache full:https://registry.npmjs.org/@babel%2fplugin-syntax-import-attributes cache-miss
1126 silly fetch manifest @babel/plugin-syntax-import-meta@^7.10.4
1127 silly packumentCache full:https://registry.npmjs.org/@babel%2fplugin-syntax-import-meta cache-miss
1128 silly fetch manifest @babel/plugin-syntax-json-strings@^7.8.3
1129 silly packumentCache full:https://registry.npmjs.org/@babel%2fplugin-syntax-json-strings cache-miss
1130 http fetch GET 200 https://registry.npmjs.org/@babel%2fplugin-syntax-async-generators 1208ms (cache miss)
1131 silly packumentCache full:https://registry.npmjs.org/@babel%2fplugin-syntax-async-generators set size:undefined disposed:false
1132 silly fetch manifest @babel/plugin-syntax-logical-assignment-operators@^7.10.4
1133 silly packumentCache full:https://registry.npmjs.org/@babel%2fplugin-syntax-logical-assignment-operators cache-miss
1134 http fetch GET 200 https://registry.npmjs.org/@babel%2fplugin-syntax-class-static-block 1248ms (cache miss)
1135 silly packumentCache full:https://registry.npmjs.org/@babel%2fplugin-syntax-class-static-block set size:undefined disposed:false
1136 silly fetch manifest @babel/plugin-syntax-nullish-coalescing-operator@^7.8.3
1137 silly packumentCache full:https://registry.npmjs.org/@babel%2fplugin-syntax-nullish-coalescing-operator cache-miss
1138 http fetch GET 200 https://registry.npmjs.org/@babel%2fplugin-syntax-json-strings 1411ms (cache miss)
1139 silly packumentCache full:https://registry.npmjs.org/@babel%2fplugin-syntax-json-strings set size:undefined disposed:false
1140 silly fetch manifest @babel/plugin-syntax-numeric-separator@^7.10.4
1141 silly packumentCache full:https://registry.npmjs.org/@babel%2fplugin-syntax-numeric-separator cache-miss
1142 http fetch GET 200 https://registry.npmjs.org/@babel%2fplugin-syntax-import-attributes 1547ms (cache miss)
1143 silly packumentCache full:https://registry.npmjs.org/@babel%2fplugin-syntax-import-attributes set size:undefined disposed:false
1144 silly fetch manifest @babel/plugin-syntax-object-rest-spread@^7.8.3
1145 silly packumentCache full:https://registry.npmjs.org/@babel%2fplugin-syntax-object-rest-spread cache-miss
1146 http fetch GET 200 https://registry.npmjs.org/@babel%2fplugin-syntax-import-meta 1668ms (cache miss)
1147 silly packumentCache full:https://registry.npmjs.org/@babel%2fplugin-syntax-import-meta set size:undefined disposed:false
1148 silly fetch manifest @babel/plugin-syntax-optional-catch-binding@^7.8.3
1149 silly packumentCache full:https://registry.npmjs.org/@babel%2fplugin-syntax-optional-catch-binding cache-miss
1150 http fetch GET 200 https://registry.npmjs.org/@babel%2fplugin-syntax-logical-assignment-operators 658ms (cache miss)
1151 silly packumentCache full:https://registry.npmjs.org/@babel%2fplugin-syntax-logical-assignment-operators set size:undefined disposed:false
1152 silly fetch manifest @babel/plugin-syntax-optional-chaining@^7.8.3
1153 silly packumentCache full:https://registry.npmjs.org/@babel%2fplugin-syntax-optional-chaining cache-miss
1154 http fetch GET 200 https://registry.npmjs.org/@babel%2fplugin-syntax-numeric-separator 564ms (cache miss)
1155 silly packumentCache full:https://registry.npmjs.org/@babel%2fplugin-syntax-numeric-separator set size:undefined disposed:false
1156 silly fetch manifest @babel/plugin-syntax-private-property-in-object@^7.14.5
1157 silly packumentCache full:https://registry.npmjs.org/@babel%2fplugin-syntax-private-property-in-object cache-miss
1158 http fetch GET 200 https://registry.npmjs.org/@babel%2fplugin-syntax-optional-catch-binding 404ms (cache miss)
1159 silly packumentCache full:https://registry.npmjs.org/@babel%2fplugin-syntax-optional-catch-binding set size:undefined disposed:false
1160 silly fetch manifest @babel/plugin-syntax-top-level-await@^7.14.5
1161 silly packumentCache full:https://registry.npmjs.org/@babel%2fplugin-syntax-top-level-await cache-miss
1162 http fetch GET 200 https://registry.npmjs.org/@babel%2fplugin-syntax-bigint 2388ms (cache miss)
1163 silly packumentCache full:https://registry.npmjs.org/@babel%2fplugin-syntax-bigint set size:undefined disposed:false
1164 http fetch GET 200 https://registry.npmjs.org/@babel%2fplugin-syntax-top-level-await 422ms (cache miss)
1165 silly packumentCache full:https://registry.npmjs.org/@babel%2fplugin-syntax-top-level-await set size:undefined disposed:false
1166 http fetch GET 200 https://registry.npmjs.org/@babel%2fplugin-syntax-nullish-coalescing-operator 1319ms (cache miss)
1167 silly packumentCache full:https://registry.npmjs.org/@babel%2fplugin-syntax-nullish-coalescing-operator set size:undefined disposed:false
1168 http fetch GET 200 https://registry.npmjs.org/@babel%2fplugin-syntax-optional-chaining 1323ms (cache miss)
1169 silly packumentCache full:https://registry.npmjs.org/@babel%2fplugin-syntax-optional-chaining set size:undefined disposed:false
1170 http fetch GET 200 https://registry.npmjs.org/@babel%2fplugin-syntax-private-property-in-object 1216ms (cache miss)
1171 silly packumentCache full:https://registry.npmjs.org/@babel%2fplugin-syntax-private-property-in-object set size:undefined disposed:false
1172 http fetch GET 200 https://registry.npmjs.org/@babel%2fplugin-syntax-class-properties 3408ms (cache miss)
1173 silly packumentCache full:https://registry.npmjs.org/@babel%2fplugin-syntax-class-properties set size:undefined disposed:false
1174 http fetch GET 200 https://registry.npmjs.org/@babel%2fplugin-syntax-object-rest-spread 1876ms (cache miss)
1175 silly packumentCache full:https://registry.npmjs.org/@babel%2fplugin-syntax-object-rest-spread set size:undefined disposed:false
1176 silly fetch manifest @babel/core@^7.0.0 || ^8.0.0-0
1177 silly packumentCache full:https://registry.npmjs.org/@babel%2fcore cache-hit
1178 silly fetch manifest @babel/core@^7.0.0-0
1179 silly packumentCache full:https://registry.npmjs.org/@babel%2fcore cache-hit
1180 silly placeDep ROOT @babel/plugin-syntax-async-generators@7.8.4 OK for: babel-preset-current-node-syntax@1.2.0 want: ^7.8.4
1181 silly placeDep ROOT @babel/plugin-syntax-bigint@7.8.3 OK for: babel-preset-current-node-syntax@1.2.0 want: ^7.8.3
1182 silly placeDep ROOT @babel/plugin-syntax-class-properties@7.12.13 OK for: babel-preset-current-node-syntax@1.2.0 want: ^7.12.13
1183 silly placeDep ROOT @babel/plugin-syntax-class-static-block@7.14.5 OK for: babel-preset-current-node-syntax@1.2.0 want: ^7.14.5
1184 silly placeDep ROOT @babel/plugin-syntax-import-attributes@7.29.7 OK for: babel-preset-current-node-syntax@1.2.0 want: ^7.24.7
1185 silly placeDep ROOT @babel/plugin-syntax-import-meta@7.10.4 OK for: babel-preset-current-node-syntax@1.2.0 want: ^7.10.4
1186 silly placeDep ROOT @babel/plugin-syntax-json-strings@7.8.3 OK for: babel-preset-current-node-syntax@1.2.0 want: ^7.8.3
1187 silly placeDep ROOT @babel/plugin-syntax-logical-assignment-operators@7.10.4 OK for: babel-preset-current-node-syntax@1.2.0 want: ^7.10.4
1188 silly placeDep ROOT @babel/plugin-syntax-nullish-coalescing-operator@7.8.3 OK for: babel-preset-current-node-syntax@1.2.0 want: ^7.8.3
1189 silly placeDep ROOT @babel/plugin-syntax-numeric-separator@7.10.4 OK for: babel-preset-current-node-syntax@1.2.0 want: ^7.10.4
1190 silly placeDep ROOT @babel/plugin-syntax-object-rest-spread@7.8.3 OK for: babel-preset-current-node-syntax@1.2.0 want: ^7.8.3
1191 silly placeDep ROOT @babel/plugin-syntax-optional-catch-binding@7.8.3 OK for: babel-preset-current-node-syntax@1.2.0 want: ^7.8.3
1192 silly placeDep ROOT @babel/plugin-syntax-optional-chaining@7.8.3 OK for: babel-preset-current-node-syntax@1.2.0 want: ^7.8.3
1193 silly placeDep ROOT @babel/plugin-syntax-private-property-in-object@7.14.5 OK for: babel-preset-current-node-syntax@1.2.0 want: ^7.14.5
1194 silly placeDep ROOT @babel/plugin-syntax-top-level-await@7.14.5 OK for: babel-preset-current-node-syntax@1.2.0 want: ^7.14.5
1195 silly fetch manifest babel-plugin-macros@^3.1.0
1196 silly packumentCache full:https://registry.npmjs.org/babel-plugin-macros cache-miss
1197 http fetch GET 200 https://registry.npmjs.org/babel-plugin-macros 719ms (cache miss)
1198 silly packumentCache full:https://registry.npmjs.org/babel-plugin-macros set size:undefined disposed:false
1199 silly placeDep ROOT @jest/environment@30.5.1 OK for: jest-circus@30.5.1 want: 30.5.1
1200 silly placeDep ROOT @jest/expect@30.5.1 OK for: jest-circus@30.5.1 want: 30.5.1
1201 silly placeDep ROOT co@4.6.0 OK for: jest-circus@30.5.1 want: ^4.6.0
1202 silly placeDep ROOT dedent@1.7.2 OK for: jest-circus@30.5.1 want: ^1.6.0
1203 silly placeDep ROOT is-generator-fn@2.1.0 OK for: jest-circus@30.5.1 want: ^2.1.0
1204 silly placeDep ROOT jest-each@30.5.1 OK for: jest-circus@30.5.1 want: 30.5.1
1205 silly placeDep ROOT jest-matcher-utils@30.5.1 OK for: jest-circus@30.5.1 want: 30.5.1
1206 silly placeDep ROOT pure-rand@7.0.1 OK for: jest-circus@30.5.1 want: ^7.0.0
1207 silly placeDep ROOT stack-utils@2.0.6 OK for: jest-circus@30.5.1 want: ^2.0.6
1208 silly fetch manifest escape-string-regexp@^2.0.0
1209 silly packumentCache full:https://registry.npmjs.org/escape-string-regexp cache-miss
1210 http fetch GET 200 https://registry.npmjs.org/escape-string-regexp 358ms (cache miss)
1211 silly packumentCache full:https://registry.npmjs.org/escape-string-regexp set size:undefined disposed:false
1212 silly placeDep ROOT @jest/fake-timers@30.5.1 OK for: @jest/environment@30.5.1 want: 30.5.1
1213 silly placeDep ROOT jest-mock@30.5.1 OK for: @jest/environment@30.5.1 want: 30.5.1
1214 silly fetch manifest @sinonjs/fake-timers@^15.4.0
1215 silly packumentCache full:https://registry.npmjs.org/@sinonjs%2ffake-timers cache-miss
1216 http fetch GET 200 https://registry.npmjs.org/@sinonjs%2ffake-timers 228ms (cache miss)
1217 silly packumentCache full:https://registry.npmjs.org/@sinonjs%2ffake-timers set size:undefined disposed:false
1218 silly placeDep ROOT expect@30.5.1 OK for: @jest/expect@30.5.1 want: 30.5.1
1219 silly placeDep ROOT @sinonjs/fake-timers@15.4.0 OK for: @jest/fake-timers@30.5.1 want: ^15.4.0
1220 silly fetch manifest @sinonjs/commons@^3.0.1
1221 silly packumentCache full:https://registry.npmjs.org/@sinonjs%2fcommons cache-miss
1222 http fetch GET 200 https://registry.npmjs.org/@sinonjs%2fcommons 166ms (cache miss)
1223 silly packumentCache full:https://registry.npmjs.org/@sinonjs%2fcommons set size:undefined disposed:false
1224 silly placeDep ROOT @sinonjs/commons@3.0.1 OK for: @sinonjs/fake-timers@15.4.0 want: ^3.0.1
1225 silly fetch manifest type-detect@4.0.8
1226 silly packumentCache full:https://registry.npmjs.org/type-detect cache-miss
1227 http fetch GET 200 https://registry.npmjs.org/type-detect 185ms (cache miss)
1228 silly packumentCache full:https://registry.npmjs.org/type-detect set size:undefined disposed:false
1229 silly placeDep ROOT type-detect@4.0.8 OK for: @sinonjs/commons@3.0.1 want: 4.0.8
1230 silly placeDep ROOT @jest/expect-utils@30.5.1 OK for: expect@30.5.1 want: 30.5.1
1231 silly placeDep ROOT detect-newline@3.1.0 OK for: jest-docblock@30.5.0 want: ^3.1.0
1232 silly placeDep ROOT @parcel/watcher@2.6.0 OK for: jest-haste-map@30.5.1 want: ^2.6.0
1233 silly placeDep ROOT anymatch@3.1.3 OK for: jest-haste-map@30.5.1 want: ^3.1.3
1234 silly placeDep ROOT fb-watchman@2.0.2 OK for: jest-haste-map@30.5.1 want: ^2.0.2
1235 silly placeDep ROOT fdir@6.5.0 OK for: jest-haste-map@30.5.1 want: ^6.5.0
1236 silly placeDep ROOT picomatch@4.0.7 OK for: jest-haste-map@30.5.1 want: ^4.0.3
1237 silly fetch manifest detect-libc@^2.0.3
1238 silly packumentCache full:https://registry.npmjs.org/detect-libc cache-miss
1239 silly fetch manifest is-glob@^4.0.3
1240 silly packumentCache full:https://registry.npmjs.org/is-glob cache-miss
1241 silly fetch manifest node-addon-api@^7.0.0
1242 silly packumentCache full:https://registry.npmjs.org/node-addon-api cache-miss
1243 silly fetch manifest picomatch@^4.0.4
1244 silly packumentCache full:https://registry.npmjs.org/picomatch cache-miss
1245 silly fetch manifest @parcel/watcher-darwin-x64@2.6.0
1246 silly packumentCache full:https://registry.npmjs.org/@parcel%2fwatcher-darwin-x64 cache-miss
1247 silly fetch manifest @parcel/watcher-darwin-arm64@2.6.0
1248 silly packumentCache full:https://registry.npmjs.org/@parcel%2fwatcher-darwin-arm64 cache-miss
1249 silly fetch manifest @parcel/watcher-win32-x64@2.6.0
1250 silly packumentCache full:https://registry.npmjs.org/@parcel%2fwatcher-win32-x64 cache-miss
1251 http cache https://registry.npmjs.org/picomatch 13ms (cache hit)
1252 silly packumentCache full:https://registry.npmjs.org/picomatch set size:134451 disposed:false
1253 silly fetch manifest @parcel/watcher-win32-arm64@2.6.0
1254 silly packumentCache full:https://registry.npmjs.org/@parcel%2fwatcher-win32-arm64 cache-miss
1255 http fetch GET 200 https://registry.npmjs.org/@parcel%2fwatcher-darwin-arm64 205ms (cache miss)
1256 silly packumentCache full:https://registry.npmjs.org/@parcel%2fwatcher-darwin-arm64 set size:undefined disposed:false
1257 silly fetch manifest @parcel/watcher-linux-x64-glibc@2.6.0
1258 silly packumentCache full:https://registry.npmjs.org/@parcel%2fwatcher-linux-x64-glibc cache-miss
1259 http fetch GET 200 https://registry.npmjs.org/@parcel%2fwatcher-win32-arm64 236ms (cache miss)
1260 silly packumentCache full:https://registry.npmjs.org/@parcel%2fwatcher-win32-arm64 set size:undefined disposed:false
1261 silly fetch manifest @parcel/watcher-linux-x64-musl@2.6.0
1262 silly packumentCache full:https://registry.npmjs.org/@parcel%2fwatcher-linux-x64-musl cache-miss
1263 http fetch GET 200 https://registry.npmjs.org/is-glob 406ms (cache miss)
1264 silly packumentCache full:https://registry.npmjs.org/is-glob set size:undefined disposed:false
1265 silly fetch manifest @parcel/watcher-linux-arm64-glibc@2.6.0
1266 silly packumentCache full:https://registry.npmjs.org/@parcel%2fwatcher-linux-arm64-glibc cache-miss
1267 http fetch GET 200 https://registry.npmjs.org/@parcel%2fwatcher-linux-x64-musl 181ms (cache miss)
1268 silly packumentCache full:https://registry.npmjs.org/@parcel%2fwatcher-linux-x64-musl set size:undefined disposed:false
1269 silly fetch manifest @parcel/watcher-linux-arm64-musl@2.6.0
1270 silly packumentCache full:https://registry.npmjs.org/@parcel%2fwatcher-linux-arm64-musl cache-miss
1271 http fetch GET 200 https://registry.npmjs.org/@parcel%2fwatcher-win32-x64 453ms (cache miss)
1272 silly packumentCache full:https://registry.npmjs.org/@parcel%2fwatcher-win32-x64 set size:undefined disposed:false
1273 silly fetch manifest @parcel/watcher-linux-arm-glibc@2.6.0
1274 silly packumentCache full:https://registry.npmjs.org/@parcel%2fwatcher-linux-arm-glibc cache-miss
1275 http fetch GET 200 https://registry.npmjs.org/@parcel%2fwatcher-linux-arm64-musl 206ms (cache miss)
1276 silly packumentCache full:https://registry.npmjs.org/@parcel%2fwatcher-linux-arm64-musl set size:undefined disposed:false
1277 silly fetch manifest @parcel/watcher-linux-arm-musl@2.6.0
1278 silly packumentCache full:https://registry.npmjs.org/@parcel%2fwatcher-linux-arm-musl cache-miss
1279 http fetch GET 200 https://registry.npmjs.org/@parcel%2fwatcher-darwin-x64 640ms (cache miss)
1280 silly packumentCache full:https://registry.npmjs.org/@parcel%2fwatcher-darwin-x64 set size:undefined disposed:false
1281 silly fetch manifest @parcel/watcher-android-arm64@2.6.0
1282 silly packumentCache full:https://registry.npmjs.org/@parcel%2fwatcher-android-arm64 cache-miss
1283 http fetch GET 200 https://registry.npmjs.org/detect-libc 653ms (cache miss)
1284 silly packumentCache full:https://registry.npmjs.org/detect-libc set size:undefined disposed:false
1285 silly fetch manifest @parcel/watcher-freebsd-x64@2.6.0
1286 silly packumentCache full:https://registry.npmjs.org/@parcel%2fwatcher-freebsd-x64 cache-miss
1287 http fetch GET 200 https://registry.npmjs.org/@parcel%2fwatcher-linux-arm-glibc 227ms (cache miss)
1288 silly packumentCache full:https://registry.npmjs.org/@parcel%2fwatcher-linux-arm-glibc set size:undefined disposed:false
1289 silly fetch manifest picomatch@^2.0.4
1290 silly packumentCache full:https://registry.npmjs.org/picomatch cache-hit
1291 silly fetch manifest normalize-path@^3.0.0
1292 silly packumentCache full:https://registry.npmjs.org/normalize-path cache-miss
1293 http fetch GET 200 https://registry.npmjs.org/node-addon-api 820ms (cache miss)
1294 silly packumentCache full:https://registry.npmjs.org/node-addon-api set size:undefined disposed:false
1295 silly fetch manifest bser@2.1.1
1296 silly packumentCache full:https://registry.npmjs.org/bser cache-miss
1297 http fetch GET 200 https://registry.npmjs.org/@parcel%2fwatcher-linux-arm64-glibc 428ms (cache miss)
1298 silly packumentCache full:https://registry.npmjs.org/@parcel%2fwatcher-linux-arm64-glibc set size:undefined disposed:false
1299 http fetch GET 200 https://registry.npmjs.org/@parcel%2fwatcher-linux-arm-musl 196ms (cache miss)
1300 silly packumentCache full:https://registry.npmjs.org/@parcel%2fwatcher-linux-arm-musl set size:undefined disposed:false
1301 http fetch GET 200 https://registry.npmjs.org/@parcel%2fwatcher-linux-x64-glibc 690ms (cache miss)
1302 silly packumentCache full:https://registry.npmjs.org/@parcel%2fwatcher-linux-x64-glibc set size:undefined disposed:false
1303 http fetch GET 200 https://registry.npmjs.org/normalize-path 398ms (cache miss)
1304 silly packumentCache full:https://registry.npmjs.org/normalize-path set size:undefined disposed:false
1305 http fetch GET 200 https://registry.npmjs.org/bser 255ms (cache miss)
1306 silly packumentCache full:https://registry.npmjs.org/bser set size:undefined disposed:false
1307 http fetch GET 200 https://registry.npmjs.org/@parcel%2fwatcher-freebsd-x64 628ms (cache miss)
1308 silly packumentCache full:https://registry.npmjs.org/@parcel%2fwatcher-freebsd-x64 set size:undefined disposed:false
1309 http fetch GET 200 https://registry.npmjs.org/@parcel%2fwatcher-android-arm64 849ms (cache miss)
1310 silly packumentCache full:https://registry.npmjs.org/@parcel%2fwatcher-android-arm64 set size:undefined disposed:false
1311 silly placeDep ROOT @parcel/watcher-android-arm64@2.6.0 OK for: @parcel/watcher@2.6.0 want: 2.6.0
1312 silly placeDep ROOT @parcel/watcher-darwin-arm64@2.6.0 OK for: @parcel/watcher@2.6.0 want: 2.6.0
1313 silly placeDep ROOT @parcel/watcher-darwin-x64@2.6.0 OK for: @parcel/watcher@2.6.0 want: 2.6.0
1314 silly placeDep ROOT @parcel/watcher-freebsd-x64@2.6.0 OK for: @parcel/watcher@2.6.0 want: 2.6.0
1315 silly placeDep ROOT @parcel/watcher-linux-arm-glibc@2.6.0 OK for: @parcel/watcher@2.6.0 want: 2.6.0
1316 silly placeDep ROOT @parcel/watcher-linux-arm-musl@2.6.0 OK for: @parcel/watcher@2.6.0 want: 2.6.0
1317 silly placeDep ROOT @parcel/watcher-linux-arm64-glibc@2.6.0 OK for: @parcel/watcher@2.6.0 want: 2.6.0
1318 silly placeDep ROOT @parcel/watcher-linux-arm64-musl@2.6.0 OK for: @parcel/watcher@2.6.0 want: 2.6.0
1319 silly placeDep ROOT @parcel/watcher-linux-x64-glibc@2.6.0 OK for: @parcel/watcher@2.6.0 want: 2.6.0
1320 silly placeDep ROOT @parcel/watcher-linux-x64-musl@2.6.0 OK for: @parcel/watcher@2.6.0 want: 2.6.0
1321 silly placeDep ROOT @parcel/watcher-win32-arm64@2.6.0 OK for: @parcel/watcher@2.6.0 want: 2.6.0
1322 silly placeDep ROOT @parcel/watcher-win32-x64@2.6.0 OK for: @parcel/watcher@2.6.0 want: 2.6.0
1323 silly placeDep ROOT detect-libc@2.1.2 OK for: @parcel/watcher@2.6.0 want: ^2.0.3
1324 silly placeDep ROOT is-glob@4.0.3 OK for: @parcel/watcher@2.6.0 want: ^4.0.3
1325 silly placeDep ROOT node-addon-api@7.1.1 OK for: @parcel/watcher@2.6.0 want: ^7.0.0
1326 silly fetch manifest is-extglob@^2.1.1
1327 silly packumentCache full:https://registry.npmjs.org/is-extglob cache-miss
1328 http fetch GET 200 https://registry.npmjs.org/is-extglob 208ms (cache miss)
1329 silly packumentCache full:https://registry.npmjs.org/is-extglob set size:undefined disposed:false
1330 silly placeDep ROOT normalize-path@3.0.0 OK for: anymatch@3.1.3 want: ^3.0.0
1331 silly placeDep node_modules/anymatch picomatch@2.3.2 OK for: anymatch@3.1.3 want: ^2.0.4
1332 silly placeDep ROOT bser@2.1.1 OK for: fb-watchman@2.0.2 want: 2.1.1
1333 silly fetch manifest node-int64@^0.4.0
1334 silly packumentCache full:https://registry.npmjs.org/node-int64 cache-miss
1335 http fetch GET 200 https://registry.npmjs.org/node-int64 112ms (cache miss)
1336 silly packumentCache full:https://registry.npmjs.org/node-int64 set size:undefined disposed:false
1337 silly placeDep ROOT node-int64@0.4.0 OK for: bser@2.1.1 want: ^0.4.0
1338 silly placeDep ROOT is-extglob@2.1.1 OK for: is-glob@4.0.3 want: ^2.1.1
1339 silly placeDep ROOT jest-diff@30.5.1 OK for: jest-matcher-utils@30.5.1 want: 30.5.1
1340 silly fetch manifest @jest/diff-sequences@30.5.0
1341 silly packumentCache full:https://registry.npmjs.org/@jest%2fdiff-sequences cache-miss
1342 http fetch GET 200 https://registry.npmjs.org/@jest%2fdiff-sequences 295ms (cache miss)
1343 silly packumentCache full:https://registry.npmjs.org/@jest%2fdiff-sequences set size:undefined disposed:false
1344 silly placeDep ROOT @jest/diff-sequences@30.5.0 OK for: jest-diff@30.5.1 want: 30.5.0
1345 silly placeDep ROOT @types/stack-utils@2.0.3 OK for: jest-message-util@30.5.1 want: ^2.0.3
1346 silly placeDep ROOT unrs-resolver@1.12.2 OK for: jest-resolve@30.5.1 want: ^1.12.1
1347 silly fetch manifest napi-postinstall@^0.3.4
1348 silly packumentCache full:https://registry.npmjs.org/napi-postinstall cache-miss
1349 silly fetch manifest @unrs/resolver-binding-darwin-arm64@1.12.2
1350 silly packumentCache full:https://registry.npmjs.org/@unrs%2fresolver-binding-darwin-arm64 cache-miss
1351 silly fetch manifest @unrs/resolver-binding-android-arm64@1.12.2
1352 silly packumentCache full:https://registry.npmjs.org/@unrs%2fresolver-binding-android-arm64 cache-miss
1353 silly fetch manifest @unrs/resolver-binding-win32-arm64-msvc@1.12.2
1354 silly packumentCache full:https://registry.npmjs.org/@unrs%2fresolver-binding-win32-arm64-msvc cache-miss
1355 silly fetch manifest @unrs/resolver-binding-linux-arm64-gnu@1.12.2
1356 silly packumentCache full:https://registry.npmjs.org/@unrs%2fresolver-binding-linux-arm64-gnu cache-miss
1357 silly fetch manifest @unrs/resolver-binding-linux-arm64-musl@1.12.2
1358 silly packumentCache full:https://registry.npmjs.org/@unrs%2fresolver-binding-linux-arm64-musl cache-miss
1359 silly fetch manifest @unrs/resolver-binding-openharmony-arm64@1.12.2
1360 silly packumentCache full:https://registry.npmjs.org/@unrs%2fresolver-binding-openharmony-arm64 cache-miss
1361 http fetch GET 200 https://registry.npmjs.org/napi-postinstall 279ms (cache miss)
1362 silly packumentCache full:https://registry.npmjs.org/napi-postinstall set size:undefined disposed:false
1363 silly fetch manifest @unrs/resolver-binding-android-arm-eabi@1.12.2
1364 silly packumentCache full:https://registry.npmjs.org/@unrs%2fresolver-binding-android-arm-eabi cache-miss
1365 http fetch GET 200 https://registry.npmjs.org/@unrs%2fresolver-binding-linux-arm64-musl 578ms (cache miss)
1366 silly packumentCache full:https://registry.npmjs.org/@unrs%2fresolver-binding-linux-arm64-musl set size:undefined disposed:false
1367 silly fetch manifest @unrs/resolver-binding-linux-arm-gnueabihf@1.12.2
1368 silly packumentCache full:https://registry.npmjs.org/@unrs%2fresolver-binding-linux-arm-gnueabihf cache-miss
1369 http fetch GET 200 https://registry.npmjs.org/@unrs%2fresolver-binding-win32-arm64-msvc 583ms (cache miss)
1370 silly packumentCache full:https://registry.npmjs.org/@unrs%2fresolver-binding-win32-arm64-msvc set size:undefined disposed:false
1371 silly fetch manifest @unrs/resolver-binding-linux-arm-musleabihf@1.12.2
1372 silly packumentCache full:https://registry.npmjs.org/@unrs%2fresolver-binding-linux-arm-musleabihf cache-miss
1373 http fetch GET 200 https://registry.npmjs.org/@unrs%2fresolver-binding-openharmony-arm64 647ms (cache miss)
1374 silly packumentCache full:https://registry.npmjs.org/@unrs%2fresolver-binding-openharmony-arm64 set size:undefined disposed:false
1375 silly fetch manifest @unrs/resolver-binding-win32-ia32-msvc@1.12.2
1376 silly packumentCache full:https://registry.npmjs.org/@unrs%2fresolver-binding-win32-ia32-msvc cache-miss
1377 http fetch GET 200 https://registry.npmjs.org/@unrs%2fresolver-binding-darwin-arm64 668ms (cache miss)
1378 silly packumentCache full:https://registry.npmjs.org/@unrs%2fresolver-binding-darwin-arm64 set size:undefined disposed:false
1379 silly fetch manifest @unrs/resolver-binding-linux-loong64-gnu@1.12.2
1380 silly packumentCache full:https://registry.npmjs.org/@unrs%2fresolver-binding-linux-loong64-gnu cache-miss
1381 http fetch GET 200 https://registry.npmjs.org/@unrs%2fresolver-binding-android-arm64 683ms (cache miss)
1382 silly packumentCache full:https://registry.npmjs.org/@unrs%2fresolver-binding-android-arm64 set size:undefined disposed:false
1383 silly fetch manifest @unrs/resolver-binding-linux-loong64-musl@1.12.2
1384 silly packumentCache full:https://registry.npmjs.org/@unrs%2fresolver-binding-linux-loong64-musl cache-miss
1385 http fetch GET 200 https://registry.npmjs.org/@unrs%2fresolver-binding-linux-arm64-gnu 697ms (cache miss)
1386 silly packumentCache full:https://registry.npmjs.org/@unrs%2fresolver-binding-linux-arm64-gnu set size:undefined disposed:false
1387 silly fetch manifest @unrs/resolver-binding-linux-ppc64-gnu@1.12.2
1388 silly packumentCache full:https://registry.npmjs.org/@unrs%2fresolver-binding-linux-ppc64-gnu cache-miss
1389 http fetch GET 200 https://registry.npmjs.org/@unrs%2fresolver-binding-win32-ia32-msvc 338ms (cache miss)
1390 silly packumentCache full:https://registry.npmjs.org/@unrs%2fresolver-binding-win32-ia32-msvc set size:undefined disposed:false
1391 silly fetch manifest @unrs/resolver-binding-linux-riscv64-gnu@1.12.2
1392 silly packumentCache full:https://registry.npmjs.org/@unrs%2fresolver-binding-linux-riscv64-gnu cache-miss
1393 http fetch GET 200 https://registry.npmjs.org/@unrs%2fresolver-binding-android-arm-eabi 708ms (cache miss)
1394 silly packumentCache full:https://registry.npmjs.org/@unrs%2fresolver-binding-android-arm-eabi set size:undefined disposed:false
1395 silly fetch manifest @unrs/resolver-binding-linux-riscv64-musl@1.12.2
1396 silly packumentCache full:https://registry.npmjs.org/@unrs%2fresolver-binding-linux-riscv64-musl cache-miss
1397 http fetch GET 200 https://registry.npmjs.org/@unrs%2fresolver-binding-linux-arm-gnueabihf 504ms (cache miss)
1398 silly packumentCache full:https://registry.npmjs.org/@unrs%2fresolver-binding-linux-arm-gnueabihf set size:undefined disposed:false
1399 silly fetch manifest @unrs/resolver-binding-linux-s390x-gnu@1.12.2
1400 silly packumentCache full:https://registry.npmjs.org/@unrs%2fresolver-binding-linux-s390x-gnu cache-miss
1401 http fetch GET 200 https://registry.npmjs.org/@unrs%2fresolver-binding-linux-loong64-gnu 432ms (cache miss)
1402 silly packumentCache full:https://registry.npmjs.org/@unrs%2fresolver-binding-linux-loong64-gnu set size:undefined disposed:false
1403 silly fetch manifest @unrs/resolver-binding-wasm32-wasi@1.12.2
1404 silly packumentCache full:https://registry.npmjs.org/@unrs%2fresolver-binding-wasm32-wasi cache-miss
1405 http fetch GET 200 https://registry.npmjs.org/@unrs%2fresolver-binding-linux-loong64-musl 712ms (cache miss)
1406 silly packumentCache full:https://registry.npmjs.org/@unrs%2fresolver-binding-linux-loong64-musl set size:undefined disposed:false
1407 silly fetch manifest @unrs/resolver-binding-darwin-x64@1.12.2
1408 silly packumentCache full:https://registry.npmjs.org/@unrs%2fresolver-binding-darwin-x64 cache-miss
1409 http fetch GET 200 https://registry.npmjs.org/@unrs%2fresolver-binding-linux-arm-musleabihf 811ms (cache miss)
1410 silly packumentCache full:https://registry.npmjs.org/@unrs%2fresolver-binding-linux-arm-musleabihf set size:undefined disposed:false
1411 silly fetch manifest @unrs/resolver-binding-win32-x64-msvc@1.12.2
1412 silly packumentCache full:https://registry.npmjs.org/@unrs%2fresolver-binding-win32-x64-msvc cache-miss
1413 http fetch GET 200 https://registry.npmjs.org/@unrs%2fresolver-binding-linux-riscv64-gnu 410ms (cache miss)
1414 silly packumentCache full:https://registry.npmjs.org/@unrs%2fresolver-binding-linux-riscv64-gnu set size:undefined disposed:false
1415 silly fetch manifest @unrs/resolver-binding-freebsd-x64@1.12.2
1416 silly packumentCache full:https://registry.npmjs.org/@unrs%2fresolver-binding-freebsd-x64 cache-miss
1417 http fetch GET 200 https://registry.npmjs.org/@unrs%2fresolver-binding-linux-ppc64-gnu 704ms (cache miss)
1418 silly packumentCache full:https://registry.npmjs.org/@unrs%2fresolver-binding-linux-ppc64-gnu set size:undefined disposed:false
1419 silly fetch manifest @unrs/resolver-binding-linux-x64-gnu@1.12.2
1420 silly packumentCache full:https://registry.npmjs.org/@unrs%2fresolver-binding-linux-x64-gnu cache-miss
1421 http fetch GET 200 https://registry.npmjs.org/@unrs%2fresolver-binding-linux-s390x-gnu 736ms (cache miss)
1422 silly packumentCache full:https://registry.npmjs.org/@unrs%2fresolver-binding-linux-s390x-gnu set size:undefined disposed:false
1423 silly fetch manifest @unrs/resolver-binding-linux-x64-musl@1.12.2
1424 silly packumentCache full:https://registry.npmjs.org/@unrs%2fresolver-binding-linux-x64-musl cache-miss
1425 http fetch GET 200 https://registry.npmjs.org/@unrs%2fresolver-binding-linux-riscv64-musl 841ms (cache miss)
1426 silly packumentCache full:https://registry.npmjs.org/@unrs%2fresolver-binding-linux-riscv64-musl set size:undefined disposed:false
1427 http fetch GET 200 https://registry.npmjs.org/@unrs%2fresolver-binding-wasm32-wasi 731ms (cache miss)
1428 silly packumentCache full:https://registry.npmjs.org/@unrs%2fresolver-binding-wasm32-wasi set size:undefined disposed:false
1429 http fetch GET 200 https://registry.npmjs.org/@unrs%2fresolver-binding-win32-x64-msvc 749ms (cache miss)
1430 silly packumentCache full:https://registry.npmjs.org/@unrs%2fresolver-binding-win32-x64-msvc set size:undefined disposed:false
1431 http fetch GET 200 https://registry.npmjs.org/@unrs%2fresolver-binding-freebsd-x64 836ms (cache miss)
1432 silly packumentCache full:https://registry.npmjs.org/@unrs%2fresolver-binding-freebsd-x64 set size:undefined disposed:false
1433 http fetch GET 200 https://registry.npmjs.org/@unrs%2fresolver-binding-linux-x64-gnu 1219ms (cache miss)
1434 silly packumentCache full:https://registry.npmjs.org/@unrs%2fresolver-binding-linux-x64-gnu set size:undefined disposed:false
1435 http fetch GET 200 https://registry.npmjs.org/@unrs%2fresolver-binding-linux-x64-musl 1641ms (cache miss)
1436 silly packumentCache full:https://registry.npmjs.org/@unrs%2fresolver-binding-linux-x64-musl set size:undefined disposed:false
1437 http fetch GET 200 https://registry.npmjs.org/@unrs%2fresolver-binding-darwin-x64 3287ms (cache miss)
1438 silly packumentCache full:https://registry.npmjs.org/@unrs%2fresolver-binding-darwin-x64 set size:undefined disposed:false
1439 silly placeDep ROOT @jest/source-map@30.5.0 OK for: jest-runner@30.5.1 want: 30.5.0
1440 silly placeDep ROOT emittery@0.13.1 OK for: jest-runner@30.5.1 want: ^0.13.1
1441 silly placeDep ROOT jest-leak-detector@30.5.1 OK for: jest-runner@30.5.1 want: 30.5.1
1442 silly fetch manifest callsites@^3.1.0
1443 silly packumentCache full:https://registry.npmjs.org/callsites cache-miss
1444 http fetch GET 200 https://registry.npmjs.org/callsites 1202ms (cache miss)
1445 silly packumentCache full:https://registry.npmjs.org/callsites set size:undefined disposed:false
1446 silly placeDep ROOT callsites@3.1.0 OK for: @jest/source-map@30.5.0 want: ^3.1.0
1447 silly placeDep ROOT @jest/globals@30.5.1 OK for: jest-runtime@30.5.1 want: 30.5.1
1448 silly placeDep ROOT cjs-module-lexer@2.2.1 OK for: jest-runtime@30.5.1 want: ^2.2.0
1449 silly placeDep ROOT es-module-lexer@2.3.2 OK for: jest-runtime@30.5.1 want: ^2.1.0
1450 silly placeDep ROOT strip-bom@4.0.0 OK for: jest-runtime@30.5.1 want: ^4.0.0
1451 silly placeDep ROOT @babel/plugin-syntax-jsx@7.29.7 OK for: jest-snapshot@30.5.1 want: ^7.27.1
1452 silly placeDep ROOT @babel/plugin-syntax-typescript@7.29.7 OK for: jest-snapshot@30.5.1 want: ^7.27.1
1453 silly placeDep ROOT @jest/snapshot-utils@30.5.1 OK for: jest-snapshot@30.5.1 want: 30.5.1
1454 silly placeDep node_modules/jest-snapshot semver@7.8.5 OK for: jest-snapshot@30.5.1 want: ^7.7.2
1455 silly placeDep ROOT synckit@0.11.13 OK for: jest-snapshot@30.5.1 want: ^0.11.8
1456 silly fetch manifest natural-compare@^1.4.0
1457 silly packumentCache full:https://registry.npmjs.org/natural-compare cache-miss
1458 silly fetch manifest @pkgr/core@^0.3.6
1459 silly packumentCache full:https://registry.npmjs.org/@pkgr%2fcore cache-miss
1460 http fetch GET 200 https://registry.npmjs.org/natural-compare 349ms (cache miss)
1461 silly packumentCache full:https://registry.npmjs.org/natural-compare set size:undefined disposed:false
1462 http fetch GET 200 https://registry.npmjs.org/@pkgr%2fcore 605ms (cache miss)
1463 silly packumentCache full:https://registry.npmjs.org/@pkgr%2fcore set size:undefined disposed:false
1464 silly placeDep ROOT natural-compare@1.4.0 OK for: @jest/snapshot-utils@30.5.1 want: ^1.4.0
1465 silly placeDep node_modules/jest-validate camelcase@6.3.0 OK for: jest-validate@30.5.1 want: ^6.3.0
1466 silly placeDep ROOT leven@3.1.0 OK for: jest-validate@30.5.1 want: ^3.1.0
1467 silly placeDep ROOT @ungap/structured-clone@1.4.0 OK for: jest-worker@30.5.1 want: ^1.3.0
1468 silly placeDep node_modules/jest-worker supports-color@8.1.1 OK for: jest-worker@30.5.1 want: ^8.1.1
1469 silly placeDep ROOT argparse@1.0.10 OK for: js-yaml@3.15.2 want: ^1.0.7
1470 silly placeDep ROOT esprima@4.0.1 OK for: js-yaml@3.15.2 want: ^4.0.0
1471 silly fetch manifest sprintf-js@~1.0.2
1472 silly packumentCache full:https://registry.npmjs.org/sprintf-js cache-miss
1473 http fetch GET 200 https://registry.npmjs.org/sprintf-js 400ms (cache miss)
1474 silly packumentCache full:https://registry.npmjs.org/sprintf-js set size:undefined disposed:false
1475 silly placeDep ROOT sprintf-js@1.0.3 OK for: argparse@1.0.10 want: ~1.0.2
1476 silly placeDep ROOT p-locate@4.1.0 OK for: locate-path@5.0.0 want: ^4.1.0
1477 silly fetch manifest p-limit@^2.2.0
1478 silly packumentCache full:https://registry.npmjs.org/p-limit cache-miss
1479 http cache https://registry.npmjs.org/p-limit 6ms (cache hit)
1480 silly packumentCache full:https://registry.npmjs.org/p-limit set size:66276 disposed:false
1481 silly placeDep ROOT yallist@3.1.1 OK for: lru-cache@5.1.1 want: ^3.0.2
1482 silly placeDep node_modules/make-dir semver@7.8.5 OK for: make-dir@4.0.0 want: ^7.5.3
1483 silly placeDep ROOT brace-expansion@5.0.9 OK for: minimatch@10.2.6 want: ^5.0.8
1484 silly fetch manifest balanced-match@^4.0.2
1485 silly packumentCache full:https://registry.npmjs.org/balanced-match cache-miss
1486 http fetch GET 200 https://registry.npmjs.org/balanced-match 595ms (cache miss)
1487 silly packumentCache full:https://registry.npmjs.org/balanced-match set size:undefined disposed:false
1488 silly placeDep ROOT balanced-match@4.0.4 OK for: brace-expansion@5.0.9 want: ^4.0.2
1489 silly placeDep ROOT mimic-fn@2.1.0 OK for: onetime@5.1.2 want: ^2.1.0
1490 silly placeDep ROOT yocto-queue@0.1.0 OK for: p-limit@3.1.0 want: ^0.1.0
1491 silly placeDep node_modules/p-locate p-limit@2.3.0 OK for: p-locate@4.1.0 want: ^2.2.0
1492 silly fetch manifest p-try@^2.0.0
1493 silly packumentCache full:https://registry.npmjs.org/p-try cache-miss
1494 http fetch GET 200 https://registry.npmjs.org/p-try 1881ms (cache miss)
1495 silly packumentCache full:https://registry.npmjs.org/p-try set size:undefined disposed:false
1496 silly placeDep ROOT error-ex@1.3.4 OK for: parse-json@5.2.0 want: ^1.3.1
1497 silly placeDep ROOT json-parse-even-better-errors@2.3.1 OK for: parse-json@5.2.0 want: ^2.3.0
1498 silly placeDep ROOT lines-and-columns@1.2.4 OK for: parse-json@5.2.0 want: ^1.1.6
1499 silly fetch manifest is-arrayish@^0.2.1
1500 silly packumentCache full:https://registry.npmjs.org/is-arrayish cache-miss
1501 http fetch GET 200 https://registry.npmjs.org/is-arrayish 565ms (cache miss)
1502 silly packumentCache full:https://registry.npmjs.org/is-arrayish set size:undefined disposed:false
1503 silly placeDep ROOT is-arrayish@0.2.1 OK for: error-ex@1.3.4 want: ^0.2.1
1504 silly placeDep node_modules/path-scurry lru-cache@11.5.2 OK for: path-scurry@2.0.2 want: ^11.0.0
1505 silly placeDep ROOT @jest/react-is-18@18.3.1 OK for: pretty-format@30.5.1 want: npm:react-is@^18.3.1
1506 silly placeDep ROOT @jest/react-is-19@19.2.8 OK for: pretty-format@30.5.1 want: npm:react-is@^19.2.5
1507 silly placeDep node_modules/pretty-format ansi-styles@5.2.0 OK for: pretty-format@30.5.1 want: ^5.2.0
1508 silly placeDep ROOT shebang-regex@3.0.0 OK for: shebang-command@2.0.0 want: ^3.0.0
1509 silly placeDep ROOT escape-string-regexp@2.0.0 OK for: stack-utils@2.0.6 want: ^2.0.0
1510 silly placeDep ROOT char-regex@1.0.2 OK for: string-length@4.0.2 want: ^1.0.2
1511 silly placeDep ROOT strip-ansi@6.0.1 OK for: string-length@4.0.2 want: ^6.0.0
1512 silly fetch manifest ansi-regex@^5.0.1
1513 silly packumentCache full:https://registry.npmjs.org/ansi-regex cache-miss
1514 http fetch GET 200 https://registry.npmjs.org/ansi-regex 1408ms (cache miss)
1515 silly packumentCache full:https://registry.npmjs.org/ansi-regex set size:undefined disposed:false
1516 silly placeDep ROOT ansi-regex@5.0.1 OK for: strip-ansi@6.0.1 want: ^5.0.1
1517 silly placeDep ROOT has-flag@4.0.0 OK for: supports-color@7.2.0 want: ^4.0.0
1518 silly placeDep ROOT @pkgr/core@0.3.6 OK for: synckit@0.11.13 want: ^0.3.6
1519 silly placeDep node_modules/test-exclude glob@10.5.0 OK for: test-exclude@7.0.2 want: ^10.4.1
1520 silly fetch manifest jackspeak@^3.1.2
1521 silly packumentCache full:https://registry.npmjs.org/jackspeak cache-miss
1522 silly fetch manifest minimatch@^9.0.4
1523 silly packumentCache full:https://registry.npmjs.org/minimatch cache-miss
1524 silly fetch manifest path-scurry@^1.11.1
1525 silly packumentCache full:https://registry.npmjs.org/path-scurry cache-miss
1526 silly fetch manifest foreground-child@^3.1.0
1527 silly packumentCache full:https://registry.npmjs.org/foreground-child cache-miss
1528 silly fetch manifest package-json-from-dist@^1.0.0
1529 silly packumentCache full:https://registry.npmjs.org/package-json-from-dist cache-miss
1530 http cache https://registry.npmjs.org/path-scurry 11ms (cache hit)
1531 silly packumentCache full:https://registry.npmjs.org/path-scurry set size:117612 disposed:false
1532 http cache https://registry.npmjs.org/minimatch 14ms (cache hit)
1533 silly packumentCache full:https://registry.npmjs.org/minimatch set size:377924 disposed:false
1534 http fetch GET 200 https://registry.npmjs.org/foreground-child 1166ms (cache miss)
1535 silly packumentCache full:https://registry.npmjs.org/foreground-child set size:undefined disposed:false
1536 http fetch GET 200 https://registry.npmjs.org/package-json-from-dist 1186ms (cache miss)
1537 silly packumentCache full:https://registry.npmjs.org/package-json-from-dist set size:undefined disposed:false
1538 http fetch GET 200 https://registry.npmjs.org/jackspeak 1464ms (cache miss)
1539 silly packumentCache full:https://registry.npmjs.org/jackspeak set size:undefined disposed:false
1540 silly placeDep ROOT @unrs/resolver-binding-android-arm-eabi@1.12.2 OK for: unrs-resolver@1.12.2 want: 1.12.2
1541 silly placeDep ROOT @unrs/resolver-binding-android-arm64@1.12.2 OK for: unrs-resolver@1.12.2 want: 1.12.2
1542 silly placeDep ROOT @unrs/resolver-binding-darwin-arm64@1.12.2 OK for: unrs-resolver@1.12.2 want: 1.12.2
1543 silly placeDep ROOT @unrs/resolver-binding-darwin-x64@1.12.2 OK for: unrs-resolver@1.12.2 want: 1.12.2
1544 silly placeDep ROOT @unrs/resolver-binding-freebsd-x64@1.12.2 OK for: unrs-resolver@1.12.2 want: 1.12.2
1545 silly placeDep ROOT @unrs/resolver-binding-linux-arm-gnueabihf@1.12.2 OK for: unrs-resolver@1.12.2 want: 1.12.2
1546 silly placeDep ROOT @unrs/resolver-binding-linux-arm-musleabihf@1.12.2 OK for: unrs-resolver@1.12.2 want: 1.12.2
1547 silly placeDep ROOT @unrs/resolver-binding-linux-arm64-gnu@1.12.2 OK for: unrs-resolver@1.12.2 want: 1.12.2
1548 silly placeDep ROOT @unrs/resolver-binding-linux-arm64-musl@1.12.2 OK for: unrs-resolver@1.12.2 want: 1.12.2
1549 silly placeDep ROOT @unrs/resolver-binding-linux-loong64-gnu@1.12.2 OK for: unrs-resolver@1.12.2 want: 1.12.2
1550 silly placeDep ROOT @unrs/resolver-binding-linux-loong64-musl@1.12.2 OK for: unrs-resolver@1.12.2 want: 1.12.2
1551 silly placeDep ROOT @unrs/resolver-binding-linux-ppc64-gnu@1.12.2 OK for: unrs-resolver@1.12.2 want: 1.12.2
1552 silly placeDep ROOT @unrs/resolver-binding-linux-riscv64-gnu@1.12.2 OK for: unrs-resolver@1.12.2 want: 1.12.2
1553 silly placeDep ROOT @unrs/resolver-binding-linux-riscv64-musl@1.12.2 OK for: unrs-resolver@1.12.2 want: 1.12.2
1554 silly placeDep ROOT @unrs/resolver-binding-linux-s390x-gnu@1.12.2 OK for: unrs-resolver@1.12.2 want: 1.12.2
1555 silly placeDep ROOT @unrs/resolver-binding-linux-x64-gnu@1.12.2 OK for: unrs-resolver@1.12.2 want: 1.12.2
1556 silly placeDep ROOT @unrs/resolver-binding-linux-x64-musl@1.12.2 OK for: unrs-resolver@1.12.2 want: 1.12.2
1557 silly placeDep ROOT @unrs/resolver-binding-openharmony-arm64@1.12.2 OK for: unrs-resolver@1.12.2 want: 1.12.2
1558 silly placeDep ROOT @unrs/resolver-binding-wasm32-wasi@1.12.2 OK for: unrs-resolver@1.12.2 want: 1.12.2
1559 silly placeDep ROOT @unrs/resolver-binding-win32-arm64-msvc@1.12.2 OK for: unrs-resolver@1.12.2 want: 1.12.2
1560 silly placeDep ROOT @unrs/resolver-binding-win32-ia32-msvc@1.12.2 OK for: unrs-resolver@1.12.2 want: 1.12.2
1561 silly placeDep ROOT @unrs/resolver-binding-win32-x64-msvc@1.12.2 OK for: unrs-resolver@1.12.2 want: 1.12.2
1562 silly placeDep ROOT napi-postinstall@0.3.4 OK for: unrs-resolver@1.12.2 want: ^0.3.4
1563 silly fetch manifest @napi-rs/wasm-runtime@^1.1.4
1564 silly packumentCache full:https://registry.npmjs.org/@napi-rs%2fwasm-runtime cache-miss
1565 silly fetch manifest @emnapi/core@1.10.0
1566 silly packumentCache full:https://registry.npmjs.org/@emnapi%2fcore cache-miss
1567 silly fetch manifest @emnapi/runtime@1.10.0
1568 silly packumentCache full:https://registry.npmjs.org/@emnapi%2fruntime cache-miss
1569 http fetch GET 200 https://registry.npmjs.org/@napi-rs%2fwasm-runtime 737ms (cache miss)
1570 silly packumentCache full:https://registry.npmjs.org/@napi-rs%2fwasm-runtime set size:undefined disposed:false
1571 http fetch GET 200 https://registry.npmjs.org/@emnapi%2fruntime 1947ms (cache miss)
1572 silly packumentCache full:https://registry.npmjs.org/@emnapi%2fruntime set size:undefined disposed:false
1573 http fetch GET 200 https://registry.npmjs.org/@emnapi%2fcore 3634ms (cache miss)
1574 silly packumentCache full:https://registry.npmjs.org/@emnapi%2fcore set size:undefined disposed:false
1575 silly placeDep ROOT @emnapi/core@1.10.0 OK for: @unrs/resolver-binding-wasm32-wasi@1.12.2 want: 1.10.0
1576 silly placeDep ROOT @emnapi/runtime@1.10.0 OK for: @unrs/resolver-binding-wasm32-wasi@1.12.2 want: 1.10.0
1577 silly placeDep ROOT @napi-rs/wasm-runtime@1.2.3 OK for: @unrs/resolver-binding-wasm32-wasi@1.12.2 want: ^1.1.4
1578 silly fetch manifest tslib@^2.4.0
1579 silly packumentCache full:https://registry.npmjs.org/tslib cache-miss
1580 silly fetch manifest @emnapi/wasi-threads@1.2.1
1581 silly packumentCache full:https://registry.npmjs.org/@emnapi%2fwasi-threads cache-miss
1582 silly fetch manifest tslib@^2.4.0
1583 silly packumentCache full:https://registry.npmjs.org/tslib cache-miss
1584 silly fetch manifest @tybys/wasm-util@^0.10.3
1585 silly packumentCache full:https://registry.npmjs.org/@tybys%2fwasm-util cache-miss
1586 http fetch GET 200 https://registry.npmjs.org/@emnapi%2fwasi-threads 176ms (cache miss)
1587 silly packumentCache full:https://registry.npmjs.org/@emnapi%2fwasi-threads set size:undefined disposed:false
1588 http fetch GET 200 https://registry.npmjs.org/tslib 222ms (cache miss)
1589 silly packumentCache full:https://registry.npmjs.org/tslib set size:undefined disposed:false
1590 http fetch GET 200 https://registry.npmjs.org/tslib 390ms (cache miss)
1591 silly packumentCache full:https://registry.npmjs.org/tslib set size:undefined disposed:false
1592 http fetch GET 200 https://registry.npmjs.org/@tybys%2fwasm-util 399ms (cache miss)
1593 silly packumentCache full:https://registry.npmjs.org/@tybys%2fwasm-util set size:undefined disposed:false
1594 silly placeDep ROOT @emnapi/wasi-threads@1.2.1 OK for: @emnapi/core@1.10.0 want: 1.2.1
1595 silly placeDep ROOT tslib@2.8.1 OK for: @emnapi/core@1.10.0 want: ^2.4.0
1596 silly placeDep ROOT @tybys/wasm-util@0.10.3 OK for: @napi-rs/wasm-runtime@1.2.3 want: ^0.10.3
1597 silly placeDep ROOT escalade@3.2.0 OK for: update-browserslist-db@1.3.2 want: ^3.2.0
1598 silly placeDep ROOT isexe@2.0.0 OK for: which@2.0.2 want: ^2.0.0
1599 silly placeDep ROOT imurmurhash@0.1.4 OK for: write-file-atomic@5.0.1 want: ^0.1.4
1600 silly placeDep node_modules/write-file-atomic signal-exit@4.1.0 OK for: write-file-atomic@5.0.1 want: ^4.0.1
1601 silly placeDep ROOT cliui@8.0.1 OK for: yargs@17.7.3 want: ^8.0.1
1602 silly placeDep ROOT get-caller-file@2.0.5 OK for: yargs@17.7.3 want: ^2.0.5
1603 silly placeDep ROOT require-directory@2.1.1 OK for: yargs@17.7.3 want: ^2.1.1
1604 silly placeDep ROOT string-width@4.2.3 OK for: yargs@17.7.3 want: ^4.2.3
1605 silly placeDep ROOT y18n@5.0.8 OK for: yargs@17.7.3 want: ^5.0.5
1606 silly placeDep ROOT yargs-parser@21.1.1 OK for: yargs@17.7.3 want: ^21.1.1
1607 silly fetch manifest wrap-ansi@^7.0.0
1608 silly packumentCache full:https://registry.npmjs.org/wrap-ansi cache-miss
1609 silly fetch manifest string-width@^4.2.0
1610 silly packumentCache full:https://registry.npmjs.org/string-width cache-miss
1611 silly fetch manifest emoji-regex@^8.0.0
1612 silly packumentCache full:https://registry.npmjs.org/emoji-regex cache-miss
1613 silly fetch manifest is-fullwidth-code-point@^3.0.0
1614 silly packumentCache full:https://registry.npmjs.org/is-fullwidth-code-point cache-miss
1615 http cache https://registry.npmjs.org/string-width 21ms (cache hit)
1616 silly packumentCache full:https://registry.npmjs.org/string-width set size:72458 disposed:false
1617 http fetch GET 200 https://registry.npmjs.org/wrap-ansi 563ms (cache miss)
1618 silly packumentCache full:https://registry.npmjs.org/wrap-ansi set size:undefined disposed:false
1619 http fetch GET 200 https://registry.npmjs.org/is-fullwidth-code-point 727ms (cache miss)
1620 silly packumentCache full:https://registry.npmjs.org/is-fullwidth-code-point set size:undefined disposed:false
1621 http fetch GET 200 https://registry.npmjs.org/emoji-regex 900ms (cache miss)
1622 silly packumentCache full:https://registry.npmjs.org/emoji-regex set size:undefined disposed:false
1623 silly placeDep ROOT wrap-ansi@7.0.0 OK for: cliui@8.0.1 want: ^7.0.0
1624 silly placeDep ROOT emoji-regex@8.0.0 OK for: string-width@4.2.3 want: ^8.0.0
1625 silly placeDep ROOT is-fullwidth-code-point@3.0.0 OK for: string-width@4.2.3 want: ^3.0.0
1626 silly placeDep ROOT p-try@2.2.0 OK for: p-limit@2.3.0 want: ^2.0.0
1627 silly placeDep ROOT foreground-child@3.3.1 OK for: glob@10.5.0 want: ^3.1.0
1628 silly placeDep ROOT jackspeak@3.4.3 OK for: glob@10.5.0 want: ^3.1.2
1629 silly placeDep node_modules/test-exclude/node_modules/glob minimatch@9.0.9 OK for: glob@10.5.0 want: ^9.0.4
1630 silly placeDep ROOT package-json-from-dist@1.0.1 OK for: glob@10.5.0 want: ^1.0.0
1631 silly placeDep node_modules/test-exclude path-scurry@1.11.1 OK for: glob@10.5.0 want: ^1.11.1
1632 silly fetch manifest @isaacs/cliui@^8.0.2
1633 silly packumentCache full:https://registry.npmjs.org/@isaacs%2fcliui cache-miss
1634 silly fetch manifest @pkgjs/parseargs@^0.11.0
1635 silly packumentCache full:https://registry.npmjs.org/@pkgjs%2fparseargs cache-miss
1636 silly fetch manifest brace-expansion@^2.0.2
1637 silly packumentCache full:https://registry.npmjs.org/brace-expansion cache-miss
1638 silly fetch manifest lru-cache@^10.2.0
1639 silly packumentCache full:https://registry.npmjs.org/lru-cache cache-hit
1640 http cache https://registry.npmjs.org/brace-expansion 102ms (cache hit)
1641 silly packumentCache full:https://registry.npmjs.org/brace-expansion set size:101024 disposed:false
1642 http fetch GET 200 https://registry.npmjs.org/@isaacs%2fcliui 578ms (cache miss)
1643 silly packumentCache full:https://registry.npmjs.org/@isaacs%2fcliui set size:undefined disposed:false
1644 http fetch GET 200 https://registry.npmjs.org/@pkgjs%2fparseargs 806ms (cache miss)
1645 silly packumentCache full:https://registry.npmjs.org/@pkgjs%2fparseargs set size:undefined disposed:false
1646 silly placeDep node_modules/foreground-child signal-exit@4.1.0 OK for: foreground-child@3.3.1 want: ^4.0.1
1647 silly placeDep ROOT @isaacs/cliui@8.0.2 OK for: jackspeak@3.4.3 want: ^8.0.2
1648 silly placeDep ROOT @pkgjs/parseargs@0.11.0 OK for: jackspeak@3.4.3 want: ^0.11.0
1649 silly fetch manifest wrap-ansi@^8.1.0
1650 silly packumentCache full:https://registry.npmjs.org/wrap-ansi cache-miss
1651 silly fetch manifest strip-ansi@^7.0.1
1652 silly packumentCache full:https://registry.npmjs.org/strip-ansi cache-miss
1653 silly fetch manifest string-width@^5.1.2
1654 silly packumentCache full:https://registry.npmjs.org/string-width cache-hit
1655 silly fetch manifest wrap-ansi-cjs@npm:wrap-ansi@^7.0.0
1656 silly packumentCache full:https://registry.npmjs.org/wrap-ansi cache-miss
1657 silly fetch manifest strip-ansi-cjs@npm:strip-ansi@^6.0.1
1658 silly packumentCache full:https://registry.npmjs.org/strip-ansi cache-miss
1659 silly fetch manifest string-width-cjs@npm:string-width@^4.2.0
1660 silly packumentCache full:https://registry.npmjs.org/string-width cache-hit
1661 http cache https://registry.npmjs.org/wrap-ansi 15ms (cache hit)
1662 silly packumentCache full:https://registry.npmjs.org/wrap-ansi set size:57461 disposed:false
1663 http cache https://registry.npmjs.org/wrap-ansi 16ms (cache hit)
1664 silly packumentCache full:https://registry.npmjs.org/wrap-ansi set size:57461 disposed:false
1665 silly packumentCache full:https://registry.npmjs.org/wrap-ansi dispose
1666 http cache https://registry.npmjs.org/strip-ansi 18ms (cache hit)
1667 silly packumentCache full:https://registry.npmjs.org/strip-ansi set size:44998 disposed:false
1668 http cache https://registry.npmjs.org/strip-ansi 19ms (cache hit)
1669 silly packumentCache full:https://registry.npmjs.org/strip-ansi set size:44998 disposed:false
1670 silly packumentCache full:https://registry.npmjs.org/strip-ansi dispose
1671 silly placeDep node_modules/@isaacs/cliui string-width@5.1.2 OK for: @isaacs/cliui@8.0.2 want: ^5.1.2
1672 silly placeDep ROOT string-width-cjs@4.2.3 OK for: @isaacs/cliui@8.0.2 want: npm:string-width@^4.2.0
1673 silly placeDep node_modules/@isaacs/cliui strip-ansi@7.2.0 OK for: @isaacs/cliui@8.0.2 want: ^7.0.1
1674 silly placeDep ROOT strip-ansi-cjs@6.0.1 OK for: @isaacs/cliui@8.0.2 want: npm:strip-ansi@^6.0.1
1675 silly placeDep node_modules/@isaacs/cliui wrap-ansi@8.1.0 OK for: @isaacs/cliui@8.0.2 want: ^8.1.0
1676 silly placeDep ROOT wrap-ansi-cjs@7.0.0 OK for: @isaacs/cliui@8.0.2 want: npm:wrap-ansi@^7.0.0
1677 silly fetch manifest emoji-regex@^9.2.2
1678 silly packumentCache full:https://registry.npmjs.org/emoji-regex cache-miss
1679 silly fetch manifest eastasianwidth@^0.2.0
1680 silly packumentCache full:https://registry.npmjs.org/eastasianwidth cache-miss
1681 silly fetch manifest ansi-regex@^6.2.2
1682 silly packumentCache full:https://registry.npmjs.org/ansi-regex cache-miss
1683 silly fetch manifest ansi-styles@^6.1.0
1684 silly packumentCache full:https://registry.npmjs.org/ansi-styles cache-hit
1685 http cache https://registry.npmjs.org/ansi-regex 13ms (cache hit)
1686 silly packumentCache full:https://registry.npmjs.org/ansi-regex set size:48203 disposed:false
1687 http cache https://registry.npmjs.org/emoji-regex 17ms (cache hit)
1688 silly packumentCache full:https://registry.npmjs.org/emoji-regex set size:89064 disposed:false
1689 http fetch GET 200 https://registry.npmjs.org/eastasianwidth 394ms (cache miss)
1690 silly packumentCache full:https://registry.npmjs.org/eastasianwidth set size:undefined disposed:false
1691 silly placeDep ROOT eastasianwidth@0.2.0 OK for: string-width@5.1.2 want: ^0.2.0
1692 silly placeDep node_modules/@isaacs/cliui emoji-regex@9.2.2 OK for: string-width@5.1.2 want: ^9.2.2
1693 silly placeDep node_modules/@isaacs/cliui ansi-regex@6.3.0 OK for: strip-ansi@7.2.0 want: ^6.2.2
1694 silly placeDep node_modules/@isaacs/cliui ansi-styles@6.2.3 OK for: wrap-ansi@8.1.0 want: ^6.1.0
1695 silly placeDep node_modules/test-exclude lru-cache@10.4.3 OK for: path-scurry@1.11.1 want: ^10.2.0
1696 silly placeDep node_modules/test-exclude brace-expansion@2.1.4 OK for: minimatch@9.0.9 want: ^2.0.2
1697 silly fetch manifest balanced-match@^1.0.0
1698 silly packumentCache full:https://registry.npmjs.org/balanced-match cache-miss
1699 http cache https://registry.npmjs.org/balanced-match 5ms (cache hit)
1700 silly packumentCache full:https://registry.npmjs.org/balanced-match set size:39082 disposed:false
1701 silly placeDep node_modules/test-exclude balanced-match@1.0.2 OK for: brace-expansion@2.1.4 want: ^1.0.0
1702 silly reify moves {}
1703 silly audit bulk request {
1703 silly audit   jest: [ '30.5.1' ],
1703 silly audit   '@jest/core': [ '30.5.1' ],
1703 silly audit   '@jest/types': [ '30.5.1' ],
1703 silly audit   'import-local': [ '3.2.0' ],
1703 silly audit   'jest-cli': [ '30.5.1' ],
1703 silly audit   '@jest/console': [ '30.5.1' ],
1703 silly audit   '@jest/pattern': [ '30.5.0' ],
1703 silly audit   '@jest/reporters': [ '30.5.1' ],
1703 silly audit   '@jest/test-result': [ '30.5.1' ],
1703 silly audit   '@jest/transform': [ '30.5.1' ],
1703 silly audit   '@types/node': [ '26.4.1' ],
1703 silly audit   'ansi-escapes': [ '4.3.2' ],
1703 silly audit   chalk: [ '4.1.2' ],
1703 silly audit   'ci-info': [ '4.4.0' ],
1703 silly audit   'exit-x': [ '0.2.2' ],
1703 silly audit   'fast-json-stable-stringify': [ '2.1.0' ],
1703 silly audit   'graceful-fs': [ '4.2.11' ],
1703 silly audit   'jest-changed-files': [ '30.5.1' ],
1703 silly audit   'jest-config': [ '30.5.1' ],
1703 silly audit   'jest-haste-map': [ '30.5.1' ],
1703 silly audit   'jest-message-util': [ '30.5.1' ],
1703 silly audit   'jest-regex-util': [ '30.5.0' ],
1703 silly audit   'jest-resolve': [ '30.5.1' ],
1703 silly audit   'jest-resolve-dependencies': [ '30.5.1' ],
1703 silly audit   'jest-runner': [ '30.5.1' ],
1703 silly audit   'jest-runtime': [ '30.5.1' ],
1703 silly audit   'jest-snapshot': [ '30.5.1' ],
1703 silly audit   'jest-util': [ '30.5.1' ],
1703 silly audit   'jest-validate': [ '30.5.1' ],
1703 silly audit   'jest-watcher': [ '30.5.1' ],
1703 silly audit   'pretty-format': [ '30.5.1' ],
1703 silly audit   slash: [ '3.0.0' ],
1703 silly audit   '@bcoe/v8-coverage': [ '0.2.3' ],
1703 silly audit   '@jridgewell/trace-mapping': [ '0.3.31' ],
1703 silly audit   'collect-v8-coverage': [ '1.0.3' ],
1703 silly audit   glob: [ '13.0.6', '10.5.0' ],
1703 silly audit   'istanbul-lib-coverage': [ '3.2.2' ],
1703 silly audit   'istanbul-lib-instrument': [ '6.0.3' ],
1703 silly audit   'istanbul-lib-report': [ '3.0.1' ],
1703 silly audit   'istanbul-lib-source-maps': [ '5.0.6' ],
1703 silly audit   'istanbul-reports': [ '3.2.0' ],
1703 silly audit   'jest-worker': [ '30.5.1' ],
1703 silly audit   'string-length': [ '4.0.2' ],
1703 silly audit   'v8-to-istanbul': [ '9.3.0' ],
1703 silly audit   '@types/istanbul-lib-coverage': [ '2.0.6' ],
1703 silly audit   '@babel/core': [ '7.29.7' ],
1703 silly audit   'babel-plugin-istanbul': [ '8.0.0' ],
1703 silly audit   'convert-source-map': [ '2.0.0' ],
1703 silly audit   pirates: [ '4.0.7' ],
1703 silly audit   'write-file-atomic': [ '5.0.1' ],
1703 silly audit   '@babel/code-frame': [ '7.29.7' ],
1703 silly audit   '@babel/generator': [ '7.29.8' ],
1703 silly audit   '@babel/helper-compilation-targets': [ '7.29.7' ],
1703 silly audit   '@babel/helper-module-transforms': [ '7.29.7' ],
1703 silly audit   '@babel/helpers': [ '7.29.7' ],
1703 silly audit   '@babel/parser': [ '7.29.8' ],
1703 silly audit   '@babel/template': [ '7.29.7' ],
1703 silly audit   '@babel/traverse': [ '7.29.8' ],
1703 silly audit   '@babel/types': [ '7.29.8' ],
1703 silly audit   '@jridgewell/remapping': [ '2.3.5' ],
1703 silly audit   debug: [ '4.4.3' ],
1703 silly audit   gensync: [ '1.0.0-beta.2' ],
1703 silly audit   json5: [ '2.2.3' ],
1703 silly audit   semver: [ '6.3.1', '7.8.5' ],
1703 silly audit   '@babel/helper-validator-identifier': [ '7.29.7' ],
1703 silly audit   'js-tokens': [ '4.0.0' ],
1703 silly audit   picocolors: [ '1.1.1' ],
1703 silly audit   '@jridgewell/gen-mapping': [ '0.3.13' ],
1703 silly audit   jsesc: [ '3.1.0' ],
1703 silly audit   '@babel/compat-data': [ '7.29.7' ],
1703 silly audit   '@babel/helper-validator-option': [ '7.29.7' ],
1703 silly audit   browserslist: [ '4.28.8' ],
1703 silly audit   'lru-cache': [ '5.1.1', '11.5.2', '10.4.3' ],
1703 silly audit   '@babel/helper-module-imports': [ '7.29.7' ],
1703 silly audit   '@babel/helper-globals': [ '7.29.7' ],
1703 silly audit   '@babel/helper-string-parser': [ '7.29.7' ],
1703 silly audit   '@jest/schemas': [ '30.5.0' ],
1703 silly audit   '@types/istanbul-reports': [ '3.0.4' ],
1703 silly audit   '@types/yargs': [ '17.0.35' ],
1703 silly audit   '@sinclair/typebox': [ '0.34.52' ],
1703 silly audit   '@jridgewell/sourcemap-codec': [ '1.6.0' ],
1703 silly audit   '@jridgewell/resolve-uri': [ '3.1.2' ],
1703 silly audit   '@types/istanbul-lib-report': [ '3.0.3' ],
1703 silly audit   'undici-types': [ '8.3.0' ],
1703 silly audit   '@types/yargs-parser': [ '21.0.3' ],
1703 silly audit   'type-fest': [ '0.21.3' ],
1703 silly audit   '@babel/helper-plugin-utils': [ '7.29.7' ],
1703 silly audit   '@istanbuljs/load-nyc-config': [ '1.1.0' ],
1703 silly audit   '@istanbuljs/schema': [ '0.1.6' ],
1703 silly audit   'test-exclude': [ '7.0.2' ],
1703 silly audit   camelcase: [ '5.3.1', '6.3.0' ],
1703 silly audit   'find-up': [ '4.1.0' ],
1703 silly audit   'get-package-type': [ '0.1.0' ],
1703 silly audit   'js-yaml': [ '3.15.2' ],
1703 silly audit   'resolve-from': [ '5.0.0' ],
1703 silly audit   'baseline-browser-mapping': [ '2.11.20' ],
1703 silly audit   'caniuse-lite': [ '1.0.30001810' ],
1703 silly audit   'electron-to-chromium': [ '1.5.420' ],
1703 silly audit   'node-releases': [ '2.0.54' ],
1703 silly audit   'update-browserslist-db': [ '1.3.2' ],
1703 silly audit   'ansi-styles': [ '4.3.0', '5.2.0', '6.2.3' ],
1703 silly audit   'supports-color': [ '7.2.0', '8.1.1' ],
1703 silly audit   'color-convert': [ '2.0.1' ],
1703 silly audit   'color-name': [ '1.1.4' ],
1703 silly audit   ms: [ '2.1.3' ],
1703 silly audit   'locate-path': [ '5.0.0' ],
1703 silly audit   'path-exists': [ '4.0.0' ],
1703 silly audit   minimatch: [ '10.2.6', '9.0.9' ],
1703 silly audit   minipass: [ '7.1.3' ],
1703 silly audit   'path-scurry': [ '2.0.2', '1.11.1' ],
1703 silly audit   'pkg-dir': [ '4.2.0' ],
1703 silly audit   'resolve-cwd': [ '3.0.0' ],
1703 silly audit   'make-dir': [ '4.0.0' ],
1703 silly audit   'html-escaper': [ '2.0.2' ],
1703 silly audit   execa: [ '5.1.1' ],
1703 silly audit   'p-limit': [ '3.1.0', '2.3.0' ],
1703 silly audit   'cross-spawn': [ '7.0.6' ],
1703 silly audit   'get-stream': [ '6.0.1' ],
1703 silly audit   'human-signals': [ '2.1.0' ],
1703 silly audit   'is-stream': [ '2.0.1' ],
1703 silly audit   'merge-stream': [ '2.0.0' ],
1703 silly audit   'npm-run-path': [ '4.0.1' ],
1703 silly audit   onetime: [ '5.1.2' ],
1703 silly audit   'signal-exit': [ '3.0.7', '4.1.0' ],
1703 silly audit   'strip-final-newline': [ '2.0.0' ],
1703 silly audit   'path-key': [ '3.1.1' ],
1703 silly audit   'shebang-command': [ '2.0.0' ],
1703 silly audit   which: [ '2.0.2' ],
1703 silly audit   yargs: [ '17.7.3' ],
1703 silly audit   '@jest/get-type': [ '30.5.0' ],
1703 silly audit   '@jest/test-sequencer': [ '30.5.1' ],
1703 silly audit   'babel-jest': [ '30.5.1' ],
1703 silly audit   deepmerge: [ '4.3.1' ],
1703 silly audit   'jest-circus': [ '30.5.1' ],
1703 silly audit   'jest-docblock': [ '30.5.0' ],
1703 silly audit   'jest-environment-node': [ '30.5.1' ],
1703 silly audit   'parse-json': [ '5.2.0' ],
1703 silly audit   'strip-json-comments': [ '3.1.1' ],
1703 silly audit   '@types/babel__core': [ '7.20.5' ],
1703 silly audit   'babel-preset-jest': [ '30.5.0' ],
1703 silly audit   '@types/babel__generator': [ '7.27.0' ],
1703 silly audit   '@types/babel__template': [ '7.4.4' ],
1703 silly audit   '@types/babel__traverse': [ '7.28.0' ],
1703 silly audit   'babel-plugin-jest-hoist': [ '30.5.0' ],
1703 silly audit   'babel-preset-current-node-syntax': [ '1.2.0' ],
1703 silly audit   '@babel/plugin-syntax-async-generators': [ '7.8.4' ],
1703 silly audit   '@babel/plugin-syntax-bigint': [ '7.8.3' ],
1703 silly audit   '@babel/plugin-syntax-class-properties': [ '7.12.13' ],
1703 silly audit   '@babel/plugin-syntax-class-static-block': [ '7.14.5' ],
1703 silly audit   '@babel/plugin-syntax-import-attributes': [ '7.29.7' ],
1703 silly audit   '@babel/plugin-syntax-import-meta': [ '7.10.4' ],
1703 silly audit   '@babel/plugin-syntax-json-strings': [ '7.8.3' ],
1703 silly audit   '@babel/plugin-syntax-logical-assignment-operators': [ '7.10.4' ],
1703 silly audit   '@babel/plugin-syntax-nullish-coalescing-operator': [ '7.8.3' ],
1703 silly audit   '@babel/plugin-syntax-numeric-separator': [ '7.10.4' ],
1703 silly audit   '@babel/plugin-syntax-object-rest-spread': [ '7.8.3' ],
1703 silly audit   '@babel/plugin-syntax-optional-catch-binding': [ '7.8.3' ],
1703 silly audit   '@babel/plugin-syntax-optional-chaining': [ '7.8.3' ],
1703 silly audit   '@babel/plugin-syntax-private-property-in-object': [ '7.14.5' ],
1703 silly audit   '@babel/plugin-syntax-top-level-await': [ '7.14.5' ],
1703 silly audit   '@jest/environment': [ '30.5.1' ],
1703 silly audit   '@jest/expect': [ '30.5.1' ],
1703 silly audit   co: [ '4.6.0' ],
1703 silly audit   dedent: [ '1.7.2' ],
1703 silly audit   'is-generator-fn': [ '2.1.0' ],
1703 silly audit   'jest-each': [ '30.5.1' ],
1703 silly audit   'jest-matcher-utils': [ '30.5.1' ],
1703 silly audit   'pure-rand': [ '7.0.1' ],
1703 silly audit   'stack-utils': [ '2.0.6' ],
1703 silly audit   '@jest/fake-timers': [ '30.5.1' ],
1703 silly audit   'jest-mock': [ '30.5.1' ],
1703 silly audit   expect: [ '30.5.1' ],
1703 silly audit   '@sinonjs/fake-timers': [ '15.4.0' ],
1703 silly audit   '@sinonjs/commons': [ '3.0.1' ],
1703 silly audit   'type-detect': [ '4.0.8' ],
1703 silly audit   '@jest/expect-utils': [ '30.5.1' ],
1703 silly audit   'detect-newline': [ '3.1.0' ],
1703 silly audit   '@parcel/watcher': [ '2.6.0' ],
1703 silly audit   anymatch: [ '3.1.3' ],
1703 silly audit   'fb-watchman': [ '2.0.2' ],
1703 silly audit   fdir: [ '6.5.0' ],
1703 silly audit   picomatch: [ '4.0.7', '2.3.2' ],
1703 silly audit   '@parcel/watcher-android-arm64': [ '2.6.0' ],
1703 silly audit   '@parcel/watcher-darwin-arm64': [ '2.6.0' ],
1703 silly audit   '@parcel/watcher-darwin-x64': [ '2.6.0' ],
1703 silly audit   '@parcel/watcher-freebsd-x64': [ '2.6.0' ],
1703 silly audit   '@parcel/watcher-linux-arm-glibc': [ '2.6.0' ],
1703 silly audit   '@parcel/watcher-linux-arm-musl': [ '2.6.0' ],
1703 silly audit   '@parcel/watcher-linux-arm64-glibc': [ '2.6.0' ],
1703 silly audit   '@parcel/watcher-linux-arm64-musl': [ '2.6.0' ],
1703 silly audit   '@parcel/watcher-linux-x64-glibc': [ '2.6.0' ],
1703 silly audit   '@parcel/watcher-linux-x64-musl': [ '2.6.0' ],
1703 silly audit   '@parcel/watcher-win32-arm64': [ '2.6.0' ],
1703 silly audit   '@parcel/watcher-win32-x64': [ '2.6.0' ],
1703 silly audit   'detect-libc': [ '2.1.2' ],
1703 silly audit   'is-glob': [ '4.0.3' ],
1703 silly audit   'node-addon-api': [ '7.1.1' ],
1703 silly audit   'normalize-path': [ '3.0.0' ],
1703 silly audit   bser: [ '2.1.1' ],
1703 silly audit   'node-int64': [ '0.4.0' ],
1703 silly audit   'is-extglob': [ '2.1.1' ],
1703 silly audit   'jest-diff': [ '30.5.1' ],
1703 silly audit   '@jest/diff-sequences': [ '30.5.0' ],
1703 silly audit   '@types/stack-utils': [ '2.0.3' ],
1703 silly audit   'unrs-resolver': [ '1.12.2' ],
1703 silly audit   '@jest/source-map': [ '30.5.0' ],
1703 silly audit   emittery: [ '0.13.1' ],
1703 silly audit   'jest-leak-detector': [ '30.5.1' ],
1703 silly audit   callsites: [ '3.1.0' ],
1703 silly audit   '@jest/globals': [ '30.5.1' ],
1703 silly audit   'cjs-module-lexer': [ '2.2.1' ],
1703 silly audit   'es-module-lexer': [ '2.3.2' ],
1703 silly audit   'strip-bom': [ '4.0.0' ],
1703 silly audit   '@babel/plugin-syntax-jsx': [ '7.29.7' ],
1703 silly audit   '@babel/plugin-syntax-typescript': [ '7.29.7' ],
1703 silly audit   '@jest/snapshot-utils': [ '30.5.1' ],
1703 silly audit   synckit: [ '0.11.13' ],
1703 silly audit   'natural-compare': [ '1.4.0' ],
1703 silly audit   leven: [ '3.1.0' ],
1703 silly audit   '@ungap/structured-clone': [ '1.4.0' ],
1703 silly audit   argparse: [ '1.0.10' ],
1703 silly audit   esprima: [ '4.0.1' ],
1703 silly audit   'sprintf-js': [ '1.0.3' ],
1703 silly audit   'p-locate': [ '4.1.0' ],
1703 silly audit   yallist: [ '3.1.1' ],
1703 silly audit   'brace-expansion': [ '5.0.9', '2.1.4' ],
1703 silly audit   'balanced-match': [ '4.0.4', '1.0.2' ],
1703 silly audit   'mimic-fn': [ '2.1.0' ],
1703 silly audit   'yocto-queue': [ '0.1.0' ],
1703 silly audit   'error-ex': [ '1.3.4' ],
1703 silly audit   'json-parse-even-better-errors': [ '2.3.1' ],
1703 silly audit   'lines-and-columns': [ '1.2.4' ],
1703 silly audit   'is-arrayish': [ '0.2.1' ],
1703 silly audit   'react-is': [ '18.3.1', '19.2.8' ],
1703 silly audit   'shebang-regex': [ '3.0.0' ],
1703 silly audit   'escape-string-regexp': [ '2.0.0' ],
1703 silly audit   'char-regex': [ '1.0.2' ],
1703 silly audit   'strip-ansi': [ '6.0.1', '7.2.0' ],
1703 silly audit   'ansi-regex': [ '5.0.1', '6.3.0' ],
1703 silly audit   'has-flag': [ '4.0.0' ],
1703 silly audit   '@pkgr/core': [ '0.3.6' ],
1703 silly audit   '@unrs/resolver-binding-android-arm-eabi': [ '1.12.2' ],
1703 silly audit   '@unrs/resolver-binding-android-arm64': [ '1.12.2' ],
1703 silly audit   '@unrs/resolver-binding-darwin-arm64': [ '1.12.2' ],
1703 silly audit   '@unrs/resolver-binding-darwin-x64': [ '1.12.2' ],
1703 silly audit   '@unrs/resolver-binding-freebsd-x64': [ '1.12.2' ],
1703 silly audit   '@unrs/resolver-binding-linux-arm-gnueabihf': [ '1.12.2' ],
1703 silly audit   '@unrs/resolver-binding-linux-arm-musleabihf': [ '1.12.2' ],
1703 silly audit   '@unrs/resolver-binding-linux-arm64-gnu': [ '1.12.2' ],
1703 silly audit   '@unrs/resolver-binding-linux-arm64-musl': [ '1.12.2' ],
1703 silly audit   '@unrs/resolver-binding-linux-loong64-gnu': [ '1.12.2' ],
1703 silly audit   '@unrs/resolver-binding-linux-loong64-musl': [ '1.12.2' ],
1703 silly audit   '@unrs/resolver-binding-linux-ppc64-gnu': [ '1.12.2' ],
1703 silly audit   '@unrs/resolver-binding-linux-riscv64-gnu': [ '1.12.2' ],
1703 silly audit   '@unrs/resolver-binding-linux-riscv64-musl': [ '1.12.2' ],
1703 silly audit   '@unrs/resolver-binding-linux-s390x-gnu': [ '1.12.2' ],
1703 silly audit   '@unrs/resolver-binding-linux-x64-gnu': [ '1.12.2' ],
1703 silly audit   '@unrs/resolver-binding-linux-x64-musl': [ '1.12.2' ],
1703 silly audit   '@unrs/resolver-binding-openharmony-arm64': [ '1.12.2' ],
1703 silly audit   '@unrs/resolver-binding-wasm32-wasi': [ '1.12.2' ],
1703 silly audit   '@unrs/resolver-binding-win32-arm64-msvc': [ '1.12.2' ],
1703 silly audit   '@unrs/resolver-binding-win32-ia32-msvc': [ '1.12.2' ],
1703 silly audit   '@unrs/resolver-binding-win32-x64-msvc': [ '1.12.2' ],
1703 silly audit   'napi-postinstall': [ '0.3.4' ],
1703 silly audit   '@emnapi/core': [ '1.10.0' ],
1703 silly audit   '@emnapi/runtime': [ '1.10.0' ],
1703 silly audit   '@napi-rs/wasm-runtime': [ '1.2.3' ],
1703 silly audit   '@emnapi/wasi-threads': [ '1.2.1' ],
1703 silly audit   tslib: [ '2.8.1' ],
1703 silly audit   '@tybys/wasm-util': [ '0.10.3' ],
1703 silly audit   escalade: [ '3.2.0' ],
1703 silly audit   isexe: [ '2.0.0' ],
1703 silly audit   imurmurhash: [ '0.1.4' ],
1703 silly audit   cliui: [ '8.0.1' ],
1703 silly audit   'get-caller-file': [ '2.0.5' ],
1703 silly audit   'require-directory': [ '2.1.1' ],
1703 silly audit   'string-width': [ '4.2.3', '5.1.2' ],
1703 silly audit   y18n: [ '5.0.8' ],
1703 silly audit   'yargs-parser': [ '21.1.1' ],
1703 silly audit   'wrap-ansi': [ '7.0.0', '8.1.0' ],
1703 silly audit   'emoji-regex': [ '8.0.0', '9.2.2' ],
1703 silly audit   'is-fullwidth-code-point': [ '3.0.0' ],
1703 silly audit   'p-try': [ '2.2.0' ],
1703 silly audit   'foreground-child': [ '3.3.1' ],
1703 silly audit   jackspeak: [ '3.4.3' ],
1703 silly audit   'package-json-from-dist': [ '1.0.1' ],
1703 silly audit   '@isaacs/cliui': [ '8.0.2' ],
1703 silly audit   '@pkgjs/parseargs': [ '0.11.0' ],
1703 silly audit   eastasianwidth: [ '0.2.0' ]
1703 silly audit }
1704 verbose reify failed optional dependency C:\Users\kasicons479\Desktop\ci-cd-learning\node_modules\@unrs\resolver-binding-win32-ia32-msvc
1705 silly reify mark deleted [
1705 silly reify   'C:\\Users\\kasicons479\\Desktop\\ci-cd-learning\\node_modules\\@unrs\\resolver-binding-win32-ia32-msvc'
1705 silly reify ]
1706 verbose reify failed optional dependency C:\Users\kasicons479\Desktop\ci-cd-learning\node_modules\@unrs\resolver-binding-win32-arm64-msvc
1707 silly reify mark deleted [
1707 silly reify   'C:\\Users\\kasicons479\\Desktop\\ci-cd-learning\\node_modules\\@unrs\\resolver-binding-win32-arm64-msvc'
1707 silly reify ]
1708 verbose reify failed optional dependency C:\Users\kasicons479\Desktop\ci-cd-learning\node_modules\@unrs\resolver-binding-wasm32-wasi
1709 silly reify mark deleted [
1709 silly reify   'C:\\Users\\kasicons479\\Desktop\\ci-cd-learning\\node_modules\\@unrs\\resolver-binding-wasm32-wasi'
1709 silly reify ]
1710 verbose reify failed optional dependency C:\Users\kasicons479\Desktop\ci-cd-learning\node_modules\@napi-rs\wasm-runtime
1711 silly reify mark deleted [
1711 silly reify   'C:\\Users\\kasicons479\\Desktop\\ci-cd-learning\\node_modules\\@napi-rs\\wasm-runtime'
1711 silly reify ]
1712 verbose reify failed optional dependency C:\Users\kasicons479\Desktop\ci-cd-learning\node_modules\@emnapi\core
1713 silly reify mark deleted [
1713 silly reify   'C:\\Users\\kasicons479\\Desktop\\ci-cd-learning\\node_modules\\@emnapi\\core'
1713 silly reify ]
1714 verbose reify failed optional dependency C:\Users\kasicons479\Desktop\ci-cd-learning\node_modules\@emnapi\runtime
1715 silly reify mark deleted [
1715 silly reify   'C:\\Users\\kasicons479\\Desktop\\ci-cd-learning\\node_modules\\@emnapi\\runtime'
1715 silly reify ]
1716 verbose reify failed optional dependency C:\Users\kasicons479\Desktop\ci-cd-learning\node_modules\@tybys\wasm-util
1717 silly reify mark deleted [
1717 silly reify   'C:\\Users\\kasicons479\\Desktop\\ci-cd-learning\\node_modules\\@tybys\\wasm-util'
1717 silly reify ]
1718 verbose reify failed optional dependency C:\Users\kasicons479\Desktop\ci-cd-learning\node_modules\tslib
1719 silly reify mark deleted [
1719 silly reify   'C:\\Users\\kasicons479\\Desktop\\ci-cd-learning\\node_modules\\tslib'
1719 silly reify ]
1720 verbose reify failed optional dependency C:\Users\kasicons479\Desktop\ci-cd-learning\node_modules\@emnapi\wasi-threads
1721 silly reify mark deleted [
1721 silly reify   'C:\\Users\\kasicons479\\Desktop\\ci-cd-learning\\node_modules\\@emnapi\\wasi-threads'
1721 silly reify ]
1722 verbose reify failed optional dependency C:\Users\kasicons479\Desktop\ci-cd-learning\node_modules\@unrs\resolver-binding-openharmony-arm64
1723 silly reify mark deleted [
1723 silly reify   'C:\\Users\\kasicons479\\Desktop\\ci-cd-learning\\node_modules\\@unrs\\resolver-binding-openharmony-arm64'
1723 silly reify ]
1724 verbose reify failed optional dependency C:\Users\kasicons479\Desktop\ci-cd-learning\node_modules\@unrs\resolver-binding-linux-x64-musl
1725 silly reify mark deleted [
1725 silly reify   'C:\\Users\\kasicons479\\Desktop\\ci-cd-learning\\node_modules\\@unrs\\resolver-binding-linux-x64-musl'
1725 silly reify ]
1726 verbose reify failed optional dependency C:\Users\kasicons479\Desktop\ci-cd-learning\node_modules\@unrs\resolver-binding-linux-x64-gnu
1727 silly reify mark deleted [
1727 silly reify   'C:\\Users\\kasicons479\\Desktop\\ci-cd-learning\\node_modules\\@unrs\\resolver-binding-linux-x64-gnu'
1727 silly reify ]
1728 verbose reify failed optional dependency C:\Users\kasicons479\Desktop\ci-cd-learning\node_modules\@unrs\resolver-binding-linux-s390x-gnu
1729 silly reify mark deleted [
1729 silly reify   'C:\\Users\\kasicons479\\Desktop\\ci-cd-learning\\node_modules\\@unrs\\resolver-binding-linux-s390x-gnu'
1729 silly reify ]
1730 verbose reify failed optional dependency C:\Users\kasicons479\Desktop\ci-cd-learning\node_modules\@unrs\resolver-binding-linux-riscv64-musl
1731 silly reify mark deleted [
1731 silly reify   'C:\\Users\\kasicons479\\Desktop\\ci-cd-learning\\node_modules\\@unrs\\resolver-binding-linux-riscv64-musl'
1731 silly reify ]
1732 verbose reify failed optional dependency C:\Users\kasicons479\Desktop\ci-cd-learning\node_modules\@unrs\resolver-binding-linux-riscv64-gnu
1733 silly reify mark deleted [
1733 silly reify   'C:\\Users\\kasicons479\\Desktop\\ci-cd-learning\\node_modules\\@unrs\\resolver-binding-linux-riscv64-gnu'
1733 silly reify ]
1734 verbose reify failed optional dependency C:\Users\kasicons479\Desktop\ci-cd-learning\node_modules\@unrs\resolver-binding-linux-ppc64-gnu
1735 silly reify mark deleted [
1735 silly reify   'C:\\Users\\kasicons479\\Desktop\\ci-cd-learning\\node_modules\\@unrs\\resolver-binding-linux-ppc64-gnu'
1735 silly reify ]
1736 verbose reify failed optional dependency C:\Users\kasicons479\Desktop\ci-cd-learning\node_modules\@unrs\resolver-binding-linux-loong64-musl
1737 silly reify mark deleted [
1737 silly reify   'C:\\Users\\kasicons479\\Desktop\\ci-cd-learning\\node_modules\\@unrs\\resolver-binding-linux-loong64-musl'
1737 silly reify ]
1738 verbose reify failed optional dependency C:\Users\kasicons479\Desktop\ci-cd-learning\node_modules\@unrs\resolver-binding-linux-loong64-gnu
1739 silly reify mark deleted [
1739 silly reify   'C:\\Users\\kasicons479\\Desktop\\ci-cd-learning\\node_modules\\@unrs\\resolver-binding-linux-loong64-gnu'
1739 silly reify ]
1740 verbose reify failed optional dependency C:\Users\kasicons479\Desktop\ci-cd-learning\node_modules\@unrs\resolver-binding-linux-arm64-musl
1741 silly reify mark deleted [
1741 silly reify   'C:\\Users\\kasicons479\\Desktop\\ci-cd-learning\\node_modules\\@unrs\\resolver-binding-linux-arm64-musl'
1741 silly reify ]
1742 verbose reify failed optional dependency C:\Users\kasicons479\Desktop\ci-cd-learning\node_modules\@unrs\resolver-binding-linux-arm64-gnu
1743 silly reify mark deleted [
1743 silly reify   'C:\\Users\\kasicons479\\Desktop\\ci-cd-learning\\node_modules\\@unrs\\resolver-binding-linux-arm64-gnu'
1743 silly reify ]
1744 verbose reify failed optional dependency C:\Users\kasicons479\Desktop\ci-cd-learning\node_modules\@unrs\resolver-binding-linux-arm-musleabihf
1745 silly reify mark deleted [
1745 silly reify   'C:\\Users\\kasicons479\\Desktop\\ci-cd-learning\\node_modules\\@unrs\\resolver-binding-linux-arm-musleabihf'
1745 silly reify ]
1746 verbose reify failed optional dependency C:\Users\kasicons479\Desktop\ci-cd-learning\node_modules\@unrs\resolver-binding-linux-arm-gnueabihf
1747 silly reify mark deleted [
1747 silly reify   'C:\\Users\\kasicons479\\Desktop\\ci-cd-learning\\node_modules\\@unrs\\resolver-binding-linux-arm-gnueabihf'
1747 silly reify ]
1748 verbose reify failed optional dependency C:\Users\kasicons479\Desktop\ci-cd-learning\node_modules\@unrs\resolver-binding-freebsd-x64
1749 silly reify mark deleted [
1749 silly reify   'C:\\Users\\kasicons479\\Desktop\\ci-cd-learning\\node_modules\\@unrs\\resolver-binding-freebsd-x64'
1749 silly reify ]
1750 verbose reify failed optional dependency C:\Users\kasicons479\Desktop\ci-cd-learning\node_modules\@unrs\resolver-binding-darwin-x64
1751 silly reify mark deleted [
1751 silly reify   'C:\\Users\\kasicons479\\Desktop\\ci-cd-learning\\node_modules\\@unrs\\resolver-binding-darwin-x64'
1751 silly reify ]
1752 verbose reify failed optional dependency C:\Users\kasicons479\Desktop\ci-cd-learning\node_modules\@unrs\resolver-binding-darwin-arm64
1753 silly reify mark deleted [
1753 silly reify   'C:\\Users\\kasicons479\\Desktop\\ci-cd-learning\\node_modules\\@unrs\\resolver-binding-darwin-arm64'
1753 silly reify ]
1754 verbose reify failed optional dependency C:\Users\kasicons479\Desktop\ci-cd-learning\node_modules\@unrs\resolver-binding-android-arm64
1755 silly reify mark deleted [
1755 silly reify   'C:\\Users\\kasicons479\\Desktop\\ci-cd-learning\\node_modules\\@unrs\\resolver-binding-android-arm64'
1755 silly reify ]
1756 verbose reify failed optional dependency C:\Users\kasicons479\Desktop\ci-cd-learning\node_modules\@unrs\resolver-binding-android-arm-eabi
1757 silly reify mark deleted [
1757 silly reify   'C:\\Users\\kasicons479\\Desktop\\ci-cd-learning\\node_modules\\@unrs\\resolver-binding-android-arm-eabi'
1757 silly reify ]
1758 verbose reify failed optional dependency C:\Users\kasicons479\Desktop\ci-cd-learning\node_modules\@parcel\watcher-win32-arm64
1759 silly reify mark deleted [
1759 silly reify   'C:\\Users\\kasicons479\\Desktop\\ci-cd-learning\\node_modules\\@parcel\\watcher-win32-arm64'
1759 silly reify ]
1760 verbose reify failed optional dependency C:\Users\kasicons479\Desktop\ci-cd-learning\node_modules\@parcel\watcher-linux-x64-musl
1761 silly reify mark deleted [
1761 silly reify   'C:\\Users\\kasicons479\\Desktop\\ci-cd-learning\\node_modules\\@parcel\\watcher-linux-x64-musl'
1761 silly reify ]
1762 verbose reify failed optional dependency C:\Users\kasicons479\Desktop\ci-cd-learning\node_modules\@parcel\watcher-linux-x64-glibc
1763 silly reify mark deleted [
1763 silly reify   'C:\\Users\\kasicons479\\Desktop\\ci-cd-learning\\node_modules\\@parcel\\watcher-linux-x64-glibc'
1763 silly reify ]
1764 verbose reify failed optional dependency C:\Users\kasicons479\Desktop\ci-cd-learning\node_modules\@parcel\watcher-linux-arm64-musl
1765 silly reify mark deleted [
1765 silly reify   'C:\\Users\\kasicons479\\Desktop\\ci-cd-learning\\node_modules\\@parcel\\watcher-linux-arm64-musl'
1765 silly reify ]
1766 verbose reify failed optional dependency C:\Users\kasicons479\Desktop\ci-cd-learning\node_modules\@parcel\watcher-linux-arm64-glibc
1767 silly reify mark deleted [
1767 silly reify   'C:\\Users\\kasicons479\\Desktop\\ci-cd-learning\\node_modules\\@parcel\\watcher-linux-arm64-glibc'
1767 silly reify ]
1768 verbose reify failed optional dependency C:\Users\kasicons479\Desktop\ci-cd-learning\node_modules\@parcel\watcher-linux-arm-musl
1769 silly reify mark deleted [
1769 silly reify   'C:\\Users\\kasicons479\\Desktop\\ci-cd-learning\\node_modules\\@parcel\\watcher-linux-arm-musl'
1769 silly reify ]
1770 verbose reify failed optional dependency C:\Users\kasicons479\Desktop\ci-cd-learning\node_modules\@parcel\watcher-linux-arm-glibc
1771 silly reify mark deleted [
1771 silly reify   'C:\\Users\\kasicons479\\Desktop\\ci-cd-learning\\node_modules\\@parcel\\watcher-linux-arm-glibc'
1771 silly reify ]
1772 verbose reify failed optional dependency C:\Users\kasicons479\Desktop\ci-cd-learning\node_modules\@parcel\watcher-freebsd-x64
1773 silly reify mark deleted [
1773 silly reify   'C:\\Users\\kasicons479\\Desktop\\ci-cd-learning\\node_modules\\@parcel\\watcher-freebsd-x64'
1773 silly reify ]
1774 verbose reify failed optional dependency C:\Users\kasicons479\Desktop\ci-cd-learning\node_modules\@parcel\watcher-darwin-x64
1775 silly reify mark deleted [
1775 silly reify   'C:\\Users\\kasicons479\\Desktop\\ci-cd-learning\\node_modules\\@parcel\\watcher-darwin-x64'
1775 silly reify ]
1776 verbose reify failed optional dependency C:\Users\kasicons479\Desktop\ci-cd-learning\node_modules\@parcel\watcher-darwin-arm64
1777 silly reify mark deleted [
1777 silly reify   'C:\\Users\\kasicons479\\Desktop\\ci-cd-learning\\node_modules\\@parcel\\watcher-darwin-arm64'
1777 silly reify ]
1778 verbose reify failed optional dependency C:\Users\kasicons479\Desktop\ci-cd-learning\node_modules\@parcel\watcher-android-arm64
1779 silly reify mark deleted [
1779 silly reify   'C:\\Users\\kasicons479\\Desktop\\ci-cd-learning\\node_modules\\@parcel\\watcher-android-arm64'
1779 silly reify ]
1780 http cache eastasianwidth@https://registry.npmjs.org/eastasianwidth/-/eastasianwidth-0.2.0.tgz 0ms (cache hit)
1781 http cache @pkgjs/parseargs@https://registry.npmjs.org/@pkgjs/parseargs/-/parseargs-0.11.0.tgz 0ms (cache hit)
1782 http cache string-width-cjs@https://registry.npmjs.org/string-width/-/string-width-4.2.3.tgz 0ms (cache hit)
1783 http cache @isaacs/cliui@https://registry.npmjs.org/@isaacs/cliui/-/cliui-8.0.2.tgz 0ms (cache hit)
1784 http cache strip-ansi-cjs@https://registry.npmjs.org/strip-ansi/-/strip-ansi-6.0.1.tgz 0ms (cache hit)
1785 http cache package-json-from-dist@https://registry.npmjs.org/package-json-from-dist/-/package-json-from-dist-1.0.1.tgz 0ms (cache hit)
1786 http cache jackspeak@https://registry.npmjs.org/jackspeak/-/jackspeak-3.4.3.tgz 0ms (cache hit)
1787 http cache foreground-child@https://registry.npmjs.org/foreground-child/-/foreground-child-3.3.1.tgz 0ms (cache hit)
1788 http cache wrap-ansi-cjs@https://registry.npmjs.org/wrap-ansi/-/wrap-ansi-7.0.0.tgz 0ms (cache hit)
1789 http cache is-fullwidth-code-point@https://registry.npmjs.org/is-fullwidth-code-point/-/is-fullwidth-code-point-3.0.0.tgz 0ms (cache hit)
1790 http cache emoji-regex@https://registry.npmjs.org/emoji-regex/-/emoji-regex-8.0.0.tgz 0ms (cache hit)
1791 http cache p-try@https://registry.npmjs.org/p-try/-/p-try-2.2.0.tgz 0ms (cache hit)
1792 http cache yargs-parser@https://registry.npmjs.org/yargs-parser/-/yargs-parser-21.1.1.tgz 0ms (cache hit)
1793 http cache wrap-ansi@https://registry.npmjs.org/wrap-ansi/-/wrap-ansi-7.0.0.tgz 0ms (cache hit)
1794 http cache y18n@https://registry.npmjs.org/y18n/-/y18n-5.0.8.tgz 0ms (cache hit)
1795 http cache string-width@https://registry.npmjs.org/string-width/-/string-width-4.2.3.tgz 0ms (cache hit)
1796 http cache require-directory@https://registry.npmjs.org/require-directory/-/require-directory-2.1.1.tgz 0ms (cache hit)
1797 http cache get-caller-file@https://registry.npmjs.org/get-caller-file/-/get-caller-file-2.0.5.tgz 0ms (cache hit)
1798 http cache cliui@https://registry.npmjs.org/cliui/-/cliui-8.0.1.tgz 0ms (cache hit)
1799 http cache isexe@https://registry.npmjs.org/isexe/-/isexe-2.0.0.tgz 0ms (cache hit)
1800 http cache imurmurhash@https://registry.npmjs.org/imurmurhash/-/imurmurhash-0.1.4.tgz 0ms (cache hit)
1801 http cache @tybys/wasm-util@https://registry.npmjs.org/@tybys/wasm-util/-/wasm-util-0.10.3.tgz 0ms (cache hit)
1802 http cache escalade@https://registry.npmjs.org/escalade/-/escalade-3.2.0.tgz 0ms (cache hit)
1803 http cache tslib@https://registry.npmjs.org/tslib/-/tslib-2.8.1.tgz 0ms (cache hit)
1804 http cache @emnapi/core@https://registry.npmjs.org/@emnapi/core/-/core-1.10.0.tgz 1ms (cache hit)
1805 http cache @emnapi/wasi-threads@https://registry.npmjs.org/@emnapi/wasi-threads/-/wasi-threads-1.2.1.tgz 0ms (cache hit)
1806 http cache @emnapi/runtime@https://registry.npmjs.org/@emnapi/runtime/-/runtime-1.10.0.tgz 0ms (cache hit)
1807 http cache @napi-rs/wasm-runtime@https://registry.npmjs.org/@napi-rs/wasm-runtime/-/wasm-runtime-1.2.3.tgz 0ms (cache hit)
1808 http cache napi-postinstall@https://registry.npmjs.org/napi-postinstall/-/napi-postinstall-0.3.4.tgz 0ms (cache hit)
1809 http cache @pkgr/core@https://registry.npmjs.org/@pkgr/core/-/core-0.3.6.tgz 0ms (cache hit)
1810 http cache @unrs/resolver-binding-win32-x64-msvc@https://registry.npmjs.org/@unrs/resolver-binding-win32-x64-msvc/-/resolver-binding-win32-x64-msvc-1.12.2.tgz 0ms (cache hit)
1811 http cache has-flag@https://registry.npmjs.org/has-flag/-/has-flag-4.0.0.tgz 0ms (cache hit)
1812 http cache strip-ansi@https://registry.npmjs.org/strip-ansi/-/strip-ansi-6.0.1.tgz 0ms (cache hit)
1813 http cache ansi-regex@https://registry.npmjs.org/ansi-regex/-/ansi-regex-5.0.1.tgz 0ms (cache hit)
1814 http cache char-regex@https://registry.npmjs.org/char-regex/-/char-regex-1.0.2.tgz 0ms (cache hit)
1815 http cache @jest/react-is-19@https://registry.npmjs.org/react-is/-/react-is-19.2.8.tgz 0ms (cache hit)
1816 http cache @jest/react-is-18@https://registry.npmjs.org/react-is/-/react-is-18.3.1.tgz 0ms (cache hit)
1817 http cache shebang-regex@https://registry.npmjs.org/shebang-regex/-/shebang-regex-3.0.0.tgz 0ms (cache hit)
1818 http cache is-arrayish@https://registry.npmjs.org/is-arrayish/-/is-arrayish-0.2.1.tgz 0ms (cache hit)
1819 http cache json-parse-even-better-errors@https://registry.npmjs.org/json-parse-even-better-errors/-/json-parse-even-better-errors-2.3.1.tgz 0ms (cache hit)
1820 http cache error-ex@https://registry.npmjs.org/error-ex/-/error-ex-1.3.4.tgz 0ms (cache hit)
1821 http cache yocto-queue@https://registry.npmjs.org/yocto-queue/-/yocto-queue-0.1.0.tgz 0ms (cache hit)
1822 http cache brace-expansion@https://registry.npmjs.org/brace-expansion/-/brace-expansion-5.0.9.tgz 0ms (cache hit)
1823 http cache mimic-fn@https://registry.npmjs.org/mimic-fn/-/mimic-fn-2.1.0.tgz 0ms (cache hit)
1824 http cache balanced-match@https://registry.npmjs.org/balanced-match/-/balanced-match-4.0.4.tgz 0ms (cache hit)
1825 http cache yallist@https://registry.npmjs.org/yallist/-/yallist-3.1.1.tgz 0ms (cache hit)
1826 http cache p-locate@https://registry.npmjs.org/p-locate/-/p-locate-4.1.0.tgz 0ms (cache hit)
1827 http cache sprintf-js@https://registry.npmjs.org/sprintf-js/-/sprintf-js-1.0.3.tgz 0ms (cache hit)
1828 http cache escape-string-regexp@https://registry.npmjs.org/escape-string-regexp/-/escape-string-regexp-2.0.0.tgz 0ms (cache hit)
1829 http cache argparse@https://registry.npmjs.org/argparse/-/argparse-1.0.10.tgz 0ms (cache hit)
1830 http cache esprima@https://registry.npmjs.org/esprima/-/esprima-4.0.1.tgz 0ms (cache hit)
1831 http cache lines-and-columns@https://registry.npmjs.org/lines-and-columns/-/lines-and-columns-1.2.4.tgz 0ms (cache hit)
1832 http cache @ungap/structured-clone@https://registry.npmjs.org/@ungap/structured-clone/-/structured-clone-1.4.0.tgz 0ms (cache hit)
1833 http cache natural-compare@https://registry.npmjs.org/natural-compare/-/natural-compare-1.4.0.tgz 0ms (cache hit)
1834 http cache @jest/snapshot-utils@https://registry.npmjs.org/@jest/snapshot-utils/-/snapshot-utils-30.5.1.tgz 0ms (cache hit)
1835 http cache leven@https://registry.npmjs.org/leven/-/leven-3.1.0.tgz 0ms (cache hit)
1836 http cache synckit@https://registry.npmjs.org/synckit/-/synckit-0.11.13.tgz 0ms (cache hit)
1837 http cache @babel/plugin-syntax-jsx@https://registry.npmjs.org/@babel/plugin-syntax-jsx/-/plugin-syntax-jsx-7.29.7.tgz 0ms (cache hit)
1838 http cache @jest/globals@https://registry.npmjs.org/@jest/globals/-/globals-30.5.1.tgz 0ms (cache hit)
1839 http cache @babel/plugin-syntax-typescript@https://registry.npmjs.org/@babel/plugin-syntax-typescript/-/plugin-syntax-typescript-7.29.7.tgz 0ms (cache hit)
1840 http cache strip-bom@https://registry.npmjs.org/strip-bom/-/strip-bom-4.0.0.tgz 0ms (cache hit)
1841 http cache cjs-module-lexer@https://registry.npmjs.org/cjs-module-lexer/-/cjs-module-lexer-2.2.1.tgz 0ms (cache hit)
1842 http cache es-module-lexer@https://registry.npmjs.org/es-module-lexer/-/es-module-lexer-2.3.2.tgz 0ms (cache hit)
1843 http cache callsites@https://registry.npmjs.org/callsites/-/callsites-3.1.0.tgz 0ms (cache hit)
1844 http cache @jest/source-map@https://registry.npmjs.org/@jest/source-map/-/source-map-30.5.0.tgz 1ms (cache hit)
1845 http cache @types/stack-utils@https://registry.npmjs.org/@types/stack-utils/-/stack-utils-2.0.3.tgz 0ms (cache hit)
1846 http cache @jest/diff-sequences@https://registry.npmjs.org/@jest/diff-sequences/-/diff-sequences-30.5.0.tgz 0ms (cache hit)
1847 http cache jest-leak-detector@https://registry.npmjs.org/jest-leak-detector/-/jest-leak-detector-30.5.1.tgz 0ms (cache hit)
1848 http cache unrs-resolver@https://registry.npmjs.org/unrs-resolver/-/unrs-resolver-1.12.2.tgz 0ms (cache hit)
1849 http cache emittery@https://registry.npmjs.org/emittery/-/emittery-0.13.1.tgz 0ms (cache hit)
1850 http cache jest-diff@https://registry.npmjs.org/jest-diff/-/jest-diff-30.5.1.tgz 0ms (cache hit)
1851 http cache node-int64@https://registry.npmjs.org/node-int64/-/node-int64-0.4.0.tgz 0ms (cache hit)
1852 http cache bser@https://registry.npmjs.org/bser/-/bser-2.1.1.tgz 0ms (cache hit)
1853 http cache @parcel/watcher-win32-x64@https://registry.npmjs.org/@parcel/watcher-win32-x64/-/watcher-win32-x64-2.6.0.tgz 0ms (cache hit)
1854 http cache is-extglob@https://registry.npmjs.org/is-extglob/-/is-extglob-2.1.1.tgz 0ms (cache hit)
1855 http cache is-glob@https://registry.npmjs.org/is-glob/-/is-glob-4.0.3.tgz 0ms (cache hit)
1856 http cache detect-libc@https://registry.npmjs.org/detect-libc/-/detect-libc-2.1.2.tgz 0ms (cache hit)
1857 http cache normalize-path@https://registry.npmjs.org/normalize-path/-/normalize-path-3.0.0.tgz 0ms (cache hit)
1858 http cache node-addon-api@https://registry.npmjs.org/node-addon-api/-/node-addon-api-7.1.1.tgz 0ms (cache hit)
1859 http cache fdir@https://registry.npmjs.org/fdir/-/fdir-6.5.0.tgz 0ms (cache hit)
1860 http cache picomatch@https://registry.npmjs.org/picomatch/-/picomatch-4.0.7.tgz 0ms (cache hit)
1861 http cache anymatch@https://registry.npmjs.org/anymatch/-/anymatch-3.1.3.tgz 0ms (cache hit)
1862 http cache @parcel/watcher@https://registry.npmjs.org/@parcel/watcher/-/watcher-2.6.0.tgz 0ms (cache hit)
1863 http cache fb-watchman@https://registry.npmjs.org/fb-watchman/-/fb-watchman-2.0.2.tgz 0ms (cache hit)
1864 http cache @jest/expect-utils@https://registry.npmjs.org/@jest/expect-utils/-/expect-utils-30.5.1.tgz 0ms (cache hit)
1865 http cache @sinonjs/commons@https://registry.npmjs.org/@sinonjs/commons/-/commons-3.0.1.tgz 0ms (cache hit)
1866 http cache @sinonjs/fake-timers@https://registry.npmjs.org/@sinonjs/fake-timers/-/fake-timers-15.4.0.tgz 0ms (cache hit)
1867 http cache detect-newline@https://registry.npmjs.org/detect-newline/-/detect-newline-3.1.0.tgz 0ms (cache hit)
1868 http cache type-detect@https://registry.npmjs.org/type-detect/-/type-detect-4.0.8.tgz 0ms (cache hit)
1869 http cache @jest/fake-timers@https://registry.npmjs.org/@jest/fake-timers/-/fake-timers-30.5.1.tgz 0ms (cache hit)
1870 http cache expect@https://registry.npmjs.org/expect/-/expect-30.5.1.tgz 0ms (cache hit)
1871 http cache jest-mock@https://registry.npmjs.org/jest-mock/-/jest-mock-30.5.1.tgz 0ms (cache hit)
1872 http cache jest-each@https://registry.npmjs.org/jest-each/-/jest-each-30.5.1.tgz 0ms (cache hit)
1873 http cache jest-matcher-utils@https://registry.npmjs.org/jest-matcher-utils/-/jest-matcher-utils-30.5.1.tgz 0ms (cache hit)
1874 http cache stack-utils@https://registry.npmjs.org/stack-utils/-/stack-utils-2.0.6.tgz 0ms (cache hit)
1875 http cache pure-rand@https://registry.npmjs.org/pure-rand/-/pure-rand-7.0.1.tgz 0ms (cache hit)
1876 http cache @jest/expect@https://registry.npmjs.org/@jest/expect/-/expect-30.5.1.tgz 0ms (cache hit)
1877 http cache @jest/environment@https://registry.npmjs.org/@jest/environment/-/environment-30.5.1.tgz 0ms (cache hit)
1878 http cache @babel/plugin-syntax-optional-chaining@https://registry.npmjs.org/@babel/plugin-syntax-optional-chaining/-/plugin-syntax-optional-chaining-7.8.3.tgz 0ms (cache hit)
1879 http cache @babel/plugin-syntax-optional-catch-binding@https://registry.npmjs.org/@babel/plugin-syntax-optional-catch-binding/-/plugin-syntax-optional-catch-binding-7.8.3.tgz 0ms (cache hit)
1880 http cache @babel/plugin-syntax-object-rest-spread@https://registry.npmjs.org/@babel/plugin-syntax-object-rest-spread/-/plugin-syntax-object-rest-spread-7.8.3.tgz 0ms (cache hit)
1881 http cache @babel/plugin-syntax-numeric-separator@https://registry.npmjs.org/@babel/plugin-syntax-numeric-separator/-/plugin-syntax-numeric-separator-7.10.4.tgz 0ms (cache hit)
1882 http cache @babel/plugin-syntax-top-level-await@https://registry.npmjs.org/@babel/plugin-syntax-top-level-await/-/plugin-syntax-top-level-await-7.14.5.tgz 0ms (cache hit)
1883 http cache @babel/plugin-syntax-private-property-in-object@https://registry.npmjs.org/@babel/plugin-syntax-private-property-in-object/-/plugin-syntax-private-property-in-object-7.14.5.tgz 0ms (cache hit)
1884 http cache @babel/plugin-syntax-nullish-coalescing-operator@https://registry.npmjs.org/@babel/plugin-syntax-nullish-coalescing-operator/-/plugin-syntax-nullish-coalescing-operator-7.8.3.tgz 0ms (cache hit)
1885 http cache @babel/plugin-syntax-logical-assignment-operators@https://registry.npmjs.org/@babel/plugin-syntax-logical-assignment-operators/-/plugin-syntax-logical-assignment-operators-7.10.4.tgz 0ms (cache hit)
1886 http cache @babel/plugin-syntax-import-meta@https://registry.npmjs.org/@babel/plugin-syntax-import-meta/-/plugin-syntax-import-meta-7.10.4.tgz 0ms (cache hit)
1887 http cache @babel/plugin-syntax-json-strings@https://registry.npmjs.org/@babel/plugin-syntax-json-strings/-/plugin-syntax-json-strings-7.8.3.tgz 0ms (cache hit)
1888 http cache @babel/plugin-syntax-import-attributes@https://registry.npmjs.org/@babel/plugin-syntax-import-attributes/-/plugin-syntax-import-attributes-7.29.7.tgz 0ms (cache hit)
1889 http cache @babel/plugin-syntax-class-static-block@https://registry.npmjs.org/@babel/plugin-syntax-class-static-block/-/plugin-syntax-class-static-block-7.14.5.tgz 0ms (cache hit)
1890 http cache @babel/plugin-syntax-async-generators@https://registry.npmjs.org/@babel/plugin-syntax-async-generators/-/plugin-syntax-async-generators-7.8.4.tgz 0ms (cache hit)
1891 http cache @babel/plugin-syntax-class-properties@https://registry.npmjs.org/@babel/plugin-syntax-class-properties/-/plugin-syntax-class-properties-7.12.13.tgz 0ms (cache hit)
1892 http cache @babel/plugin-syntax-bigint@https://registry.npmjs.org/@babel/plugin-syntax-bigint/-/plugin-syntax-bigint-7.8.3.tgz 0ms (cache hit)
1893 http cache is-generator-fn@https://registry.npmjs.org/is-generator-fn/-/is-generator-fn-2.1.0.tgz 0ms (cache hit)
1894 http cache dedent@https://registry.npmjs.org/dedent/-/dedent-1.7.2.tgz 0ms (cache hit)
1895 http cache babel-preset-current-node-syntax@https://registry.npmjs.org/babel-preset-current-node-syntax/-/babel-preset-current-node-syntax-1.2.0.tgz 0ms (cache hit)
1896 http cache co@https://registry.npmjs.org/co/-/co-4.6.0.tgz 0ms (cache hit)
1897 http cache @types/babel__template@https://registry.npmjs.org/@types/babel__template/-/babel__template-7.4.4.tgz 0ms (cache hit)
1898 http cache babel-preset-jest@https://registry.npmjs.org/babel-preset-jest/-/babel-preset-jest-30.5.0.tgz 0ms (cache hit)
1899 http cache @types/babel__traverse@https://registry.npmjs.org/@types/babel__traverse/-/babel__traverse-7.28.0.tgz 0ms (cache hit)
1900 http cache @types/babel__generator@https://registry.npmjs.org/@types/babel__generator/-/babel__generator-7.27.0.tgz 0ms (cache hit)
1901 http cache @types/babel__core@https://registry.npmjs.org/@types/babel__core/-/babel__core-7.20.5.tgz 0ms (cache hit)
1902 http cache strip-json-comments@https://registry.npmjs.org/strip-json-comments/-/strip-json-comments-3.1.1.tgz 0ms (cache hit)
1903 http cache parse-json@https://registry.npmjs.org/parse-json/-/parse-json-5.2.0.tgz 0ms (cache hit)
1904 http cache jest-docblock@https://registry.npmjs.org/jest-docblock/-/jest-docblock-30.5.0.tgz 0ms (cache hit)
1905 http cache babel-plugin-jest-hoist@https://registry.npmjs.org/babel-plugin-jest-hoist/-/babel-plugin-jest-hoist-30.5.0.tgz 0ms (cache hit)
1906 http cache jest-circus@https://registry.npmjs.org/jest-circus/-/jest-circus-30.5.1.tgz 0ms (cache hit)
1907 http cache jest-environment-node@https://registry.npmjs.org/jest-environment-node/-/jest-environment-node-30.5.1.tgz 0ms (cache hit)
1908 http cache deepmerge@https://registry.npmjs.org/deepmerge/-/deepmerge-4.3.1.tgz 0ms (cache hit)
1909 http cache @jest/get-type@https://registry.npmjs.org/@jest/get-type/-/get-type-30.5.0.tgz 0ms (cache hit)
1910 http cache @jest/test-sequencer@https://registry.npmjs.org/@jest/test-sequencer/-/test-sequencer-30.5.1.tgz 0ms (cache hit)
1911 http cache babel-jest@https://registry.npmjs.org/babel-jest/-/babel-jest-30.5.1.tgz 0ms (cache hit)
1912 http cache which@https://registry.npmjs.org/which/-/which-2.0.2.tgz 0ms (cache hit)
1913 http cache shebang-command@https://registry.npmjs.org/shebang-command/-/shebang-command-2.0.0.tgz 0ms (cache hit)
1914 http cache path-key@https://registry.npmjs.org/path-key/-/path-key-3.1.1.tgz 0ms (cache hit)
1915 http cache signal-exit@https://registry.npmjs.org/signal-exit/-/signal-exit-3.0.7.tgz 0ms (cache hit)
1916 http cache strip-final-newline@https://registry.npmjs.org/strip-final-newline/-/strip-final-newline-2.0.0.tgz 0ms (cache hit)
1917 http cache onetime@https://registry.npmjs.org/onetime/-/onetime-5.1.2.tgz 1ms (cache hit)
1918 http cache yargs@https://registry.npmjs.org/yargs/-/yargs-17.7.3.tgz 0ms (cache hit)
1919 http cache npm-run-path@https://registry.npmjs.org/npm-run-path/-/npm-run-path-4.0.1.tgz 0ms (cache hit)
1920 http cache is-stream@https://registry.npmjs.org/is-stream/-/is-stream-2.0.1.tgz 0ms (cache hit)
1921 http cache merge-stream@https://registry.npmjs.org/merge-stream/-/merge-stream-2.0.0.tgz 0ms (cache hit)
1922 http cache get-stream@https://registry.npmjs.org/get-stream/-/get-stream-6.0.1.tgz 0ms (cache hit)
1923 http cache human-signals@https://registry.npmjs.org/human-signals/-/human-signals-2.1.0.tgz 0ms (cache hit)
1924 http cache cross-spawn@https://registry.npmjs.org/cross-spawn/-/cross-spawn-7.0.6.tgz 0ms (cache hit)
1925 http cache p-limit@https://registry.npmjs.org/p-limit/-/p-limit-3.1.0.tgz 0ms (cache hit)
1926 http cache execa@https://registry.npmjs.org/execa/-/execa-5.1.1.tgz 0ms (cache hit)
1927 http cache resolve-cwd@https://registry.npmjs.org/resolve-cwd/-/resolve-cwd-3.0.0.tgz 0ms (cache hit)
1928 http cache make-dir@https://registry.npmjs.org/make-dir/-/make-dir-4.0.0.tgz 0ms (cache hit)
1929 http cache html-escaper@https://registry.npmjs.org/html-escaper/-/html-escaper-2.0.2.tgz 0ms (cache hit)
1930 http cache pkg-dir@https://registry.npmjs.org/pkg-dir/-/pkg-dir-4.2.0.tgz 0ms (cache hit)
1931 http cache path-scurry@https://registry.npmjs.org/path-scurry/-/path-scurry-2.0.2.tgz 0ms (cache hit)
1932 http cache minipass@https://registry.npmjs.org/minipass/-/minipass-7.1.3.tgz 0ms (cache hit)
1933 http cache minimatch@https://registry.npmjs.org/minimatch/-/minimatch-10.2.6.tgz 0ms (cache hit)
1934 http cache path-exists@https://registry.npmjs.org/path-exists/-/path-exists-4.0.0.tgz 0ms (cache hit)
1935 http cache locate-path@https://registry.npmjs.org/locate-path/-/locate-path-5.0.0.tgz 0ms (cache hit)
1936 http cache color-name@https://registry.npmjs.org/color-name/-/color-name-1.1.4.tgz 0ms (cache hit)
1937 http cache ms@https://registry.npmjs.org/ms/-/ms-2.1.3.tgz 0ms (cache hit)
1938 http cache ansi-styles@https://registry.npmjs.org/ansi-styles/-/ansi-styles-4.3.0.tgz 0ms (cache hit)
1939 http cache update-browserslist-db@https://registry.npmjs.org/update-browserslist-db/-/update-browserslist-db-1.3.2.tgz 0ms (cache hit)
1940 http cache node-releases@https://registry.npmjs.org/node-releases/-/node-releases-2.0.54.tgz 0ms (cache hit)
1941 http cache color-convert@https://registry.npmjs.org/color-convert/-/color-convert-2.0.1.tgz 0ms (cache hit)
1942 http cache supports-color@https://registry.npmjs.org/supports-color/-/supports-color-7.2.0.tgz 0ms (cache hit)
1943 http cache electron-to-chromium@https://registry.npmjs.org/electron-to-chromium/-/electron-to-chromium-1.5.420.tgz 0ms (cache hit)
1944 http cache caniuse-lite@https://registry.npmjs.org/caniuse-lite/-/caniuse-lite-1.0.30001810.tgz 0ms (cache hit)
1945 http cache baseline-browser-mapping@https://registry.npmjs.org/baseline-browser-mapping/-/baseline-browser-mapping-2.11.20.tgz 0ms (cache hit)
1946 http cache resolve-from@https://registry.npmjs.org/resolve-from/-/resolve-from-5.0.0.tgz 0ms (cache hit)
1947 http cache js-yaml@https://registry.npmjs.org/js-yaml/-/js-yaml-3.15.2.tgz 0ms (cache hit)
1948 http cache get-package-type@https://registry.npmjs.org/get-package-type/-/get-package-type-0.1.0.tgz 0ms (cache hit)
1949 http cache @istanbuljs/schema@https://registry.npmjs.org/@istanbuljs/schema/-/schema-0.1.6.tgz 0ms (cache hit)
1950 http cache camelcase@https://registry.npmjs.org/camelcase/-/camelcase-5.3.1.tgz 0ms (cache hit)
1951 http cache test-exclude@https://registry.npmjs.org/test-exclude/-/test-exclude-7.0.2.tgz 0ms (cache hit)
1952 http cache find-up@https://registry.npmjs.org/find-up/-/find-up-4.1.0.tgz 0ms (cache hit)
1953 http cache type-fest@https://registry.npmjs.org/type-fest/-/type-fest-0.21.3.tgz 0ms (cache hit)
1954 http cache undici-types@https://registry.npmjs.org/undici-types/-/undici-types-8.3.0.tgz 0ms (cache hit)
1955 http cache @types/yargs-parser@https://registry.npmjs.org/@types/yargs-parser/-/yargs-parser-21.0.3.tgz 0ms (cache hit)
1956 http cache @types/istanbul-lib-report@https://registry.npmjs.org/@types/istanbul-lib-report/-/istanbul-lib-report-3.0.3.tgz 0ms (cache hit)
1957 http cache @babel/helper-plugin-utils@https://registry.npmjs.org/@babel/helper-plugin-utils/-/helper-plugin-utils-7.29.7.tgz 0ms (cache hit)
1958 http cache @sinclair/typebox@https://registry.npmjs.org/@sinclair/typebox/-/typebox-0.34.52.tgz 0ms (cache hit)
1959 http cache @types/istanbul-reports@https://registry.npmjs.org/@types/istanbul-reports/-/istanbul-reports-3.0.4.tgz 0ms (cache hit)
1960 http cache @types/yargs@https://registry.npmjs.org/@types/yargs/-/yargs-17.0.35.tgz 0ms (cache hit)
1961 http cache @jest/schemas@https://registry.npmjs.org/@jest/schemas/-/schemas-30.5.0.tgz 0ms (cache hit)
1962 http cache @babel/helper-globals@https://registry.npmjs.org/@babel/helper-globals/-/helper-globals-7.29.7.tgz 0ms (cache hit)
1963 http cache @jridgewell/resolve-uri@https://registry.npmjs.org/@jridgewell/resolve-uri/-/resolve-uri-3.1.2.tgz 0ms (cache hit)
1964 http cache @babel/helper-string-parser@https://registry.npmjs.org/@babel/helper-string-parser/-/helper-string-parser-7.29.7.tgz 0ms (cache hit)
1965 http cache @jridgewell/sourcemap-codec@https://registry.npmjs.org/@jridgewell/sourcemap-codec/-/sourcemap-codec-1.6.0.tgz 0ms (cache hit)
1966 http cache lru-cache@https://registry.npmjs.org/lru-cache/-/lru-cache-5.1.1.tgz 0ms (cache hit)
1967 http cache browserslist@https://registry.npmjs.org/browserslist/-/browserslist-4.28.8.tgz 0ms (cache hit)
1968 http cache @babel/helper-validator-option@https://registry.npmjs.org/@babel/helper-validator-option/-/helper-validator-option-7.29.7.tgz 0ms (cache hit)
1969 http cache jsesc@https://registry.npmjs.org/jsesc/-/jsesc-3.1.0.tgz 0ms (cache hit)
1970 http cache @jridgewell/gen-mapping@https://registry.npmjs.org/@jridgewell/gen-mapping/-/gen-mapping-0.3.13.tgz 0ms (cache hit)
1971 http cache picocolors@https://registry.npmjs.org/picocolors/-/picocolors-1.1.1.tgz 0ms (cache hit)
1972 http cache js-tokens@https://registry.npmjs.org/js-tokens/-/js-tokens-4.0.0.tgz 0ms (cache hit)
1973 http cache semver@https://registry.npmjs.org/semver/-/semver-6.3.1.tgz 0ms (cache hit)
1974 http cache json5@https://registry.npmjs.org/json5/-/json5-2.2.3.tgz 0ms (cache hit)
1975 http cache @babel/compat-data@https://registry.npmjs.org/@babel/compat-data/-/compat-data-7.29.7.tgz 0ms (cache hit)
1976 http cache @istanbuljs/load-nyc-config@https://registry.npmjs.org/@istanbuljs/load-nyc-config/-/load-nyc-config-1.1.0.tgz 0ms (cache hit)
1977 http cache @babel/helper-validator-identifier@https://registry.npmjs.org/@babel/helper-validator-identifier/-/helper-validator-identifier-7.29.7.tgz 0ms (cache hit)
1978 http cache @jridgewell/remapping@https://registry.npmjs.org/@jridgewell/remapping/-/remapping-2.3.5.tgz 0ms (cache hit)
1979 http cache @babel/types@https://registry.npmjs.org/@babel/types/-/types-7.29.8.tgz 0ms (cache hit)
1980 http cache @babel/template@https://registry.npmjs.org/@babel/template/-/template-7.29.7.tgz 0ms (cache hit)
1981 http cache @babel/traverse@https://registry.npmjs.org/@babel/traverse/-/traverse-7.29.8.tgz 0ms (cache hit)
1982 http cache gensync@https://registry.npmjs.org/gensync/-/gensync-1.0.0-beta.2.tgz 0ms (cache hit)
1983 http cache debug@https://registry.npmjs.org/debug/-/debug-4.4.3.tgz 0ms (cache hit)
1984 http cache @babel/parser@https://registry.npmjs.org/@babel/parser/-/parser-7.29.8.tgz 0ms (cache hit)
1985 http cache @babel/helpers@https://registry.npmjs.org/@babel/helpers/-/helpers-7.29.7.tgz 0ms (cache hit)
1986 http cache @babel/helper-module-transforms@https://registry.npmjs.org/@babel/helper-module-transforms/-/helper-module-transforms-7.29.7.tgz 0ms (cache hit)
1987 http cache @babel/helper-compilation-targets@https://registry.npmjs.org/@babel/helper-compilation-targets/-/helper-compilation-targets-7.29.7.tgz 0ms (cache hit)
1988 http cache @babel/code-frame@https://registry.npmjs.org/@babel/code-frame/-/code-frame-7.29.7.tgz 0ms (cache hit)
1989 http cache @babel/generator@https://registry.npmjs.org/@babel/generator/-/generator-7.29.8.tgz 0ms (cache hit)
1990 http cache write-file-atomic@https://registry.npmjs.org/write-file-atomic/-/write-file-atomic-5.0.1.tgz 0ms (cache hit)
1991 http cache @babel/core@https://registry.npmjs.org/@babel/core/-/core-7.29.7.tgz 0ms (cache hit)
1992 http cache pirates@https://registry.npmjs.org/pirates/-/pirates-4.0.7.tgz 0ms (cache hit)
1993 http cache convert-source-map@https://registry.npmjs.org/convert-source-map/-/convert-source-map-2.0.0.tgz 0ms (cache hit)
1994 http cache @types/istanbul-lib-coverage@https://registry.npmjs.org/@types/istanbul-lib-coverage/-/istanbul-lib-coverage-2.0.6.tgz 0ms (cache hit)
1995 http cache babel-plugin-istanbul@https://registry.npmjs.org/babel-plugin-istanbul/-/babel-plugin-istanbul-8.0.0.tgz 0ms (cache hit)
1996 http cache @babel/helper-module-imports@https://registry.npmjs.org/@babel/helper-module-imports/-/helper-module-imports-7.29.7.tgz 0ms (cache hit)
1997 http cache v8-to-istanbul@https://registry.npmjs.org/v8-to-istanbul/-/v8-to-istanbul-9.3.0.tgz 0ms (cache hit)
1998 http cache jest-worker@https://registry.npmjs.org/jest-worker/-/jest-worker-30.5.1.tgz 0ms (cache hit)
1999 http cache istanbul-reports@https://registry.npmjs.org/istanbul-reports/-/istanbul-reports-3.2.0.tgz 0ms (cache hit)
2000 http cache istanbul-lib-source-maps@https://registry.npmjs.org/istanbul-lib-source-maps/-/istanbul-lib-source-maps-5.0.6.tgz 0ms (cache hit)
2001 http cache string-length@https://registry.npmjs.org/string-length/-/string-length-4.0.2.tgz 0ms (cache hit)
2002 http cache istanbul-lib-report@https://registry.npmjs.org/istanbul-lib-report/-/istanbul-lib-report-3.0.1.tgz 0ms (cache hit)
2003 http cache istanbul-lib-instrument@https://registry.npmjs.org/istanbul-lib-instrument/-/istanbul-lib-instrument-6.0.3.tgz 0ms (cache hit)
2004 http cache @jridgewell/trace-mapping@https://registry.npmjs.org/@jridgewell/trace-mapping/-/trace-mapping-0.3.31.tgz 0ms (cache hit)
2005 http cache glob@https://registry.npmjs.org/glob/-/glob-13.0.6.tgz 0ms (cache hit)
2006 http cache istanbul-lib-coverage@https://registry.npmjs.org/istanbul-lib-coverage/-/istanbul-lib-coverage-3.2.2.tgz 0ms (cache hit)
2007 http cache collect-v8-coverage@https://registry.npmjs.org/collect-v8-coverage/-/collect-v8-coverage-1.0.3.tgz 0ms (cache hit)
2008 http cache slash@https://registry.npmjs.org/slash/-/slash-3.0.0.tgz 0ms (cache hit)
2009 http cache @bcoe/v8-coverage@https://registry.npmjs.org/@bcoe/v8-coverage/-/v8-coverage-0.2.3.tgz 0ms (cache hit)
2010 http cache jest-watcher@https://registry.npmjs.org/jest-watcher/-/jest-watcher-30.5.1.tgz 0ms (cache hit)
2011 http cache pretty-format@https://registry.npmjs.org/pretty-format/-/pretty-format-30.5.1.tgz 0ms (cache hit)
2012 http cache jest-validate@https://registry.npmjs.org/jest-validate/-/jest-validate-30.5.1.tgz 0ms (cache hit)
2013 http cache jest-runtime@https://registry.npmjs.org/jest-runtime/-/jest-runtime-30.5.1.tgz 0ms (cache hit)
2014 http cache jest-snapshot@https://registry.npmjs.org/jest-snapshot/-/jest-snapshot-30.5.1.tgz 0ms (cache hit)
2015 http cache jest-runner@https://registry.npmjs.org/jest-runner/-/jest-runner-30.5.1.tgz 0ms (cache hit)
2016 http cache jest-resolve-dependencies@https://registry.npmjs.org/jest-resolve-dependencies/-/jest-resolve-dependencies-30.5.1.tgz 0ms (cache hit)
2017 http cache jest-regex-util@https://registry.npmjs.org/jest-regex-util/-/jest-regex-util-30.5.0.tgz 0ms (cache hit)
2018 http cache jest-resolve@https://registry.npmjs.org/jest-resolve/-/jest-resolve-30.5.1.tgz 0ms (cache hit)
2019 http cache jest-message-util@https://registry.npmjs.org/jest-message-util/-/jest-message-util-30.5.1.tgz 0ms (cache hit)
2020 http cache jest-haste-map@https://registry.npmjs.org/jest-haste-map/-/jest-haste-map-30.5.1.tgz 0ms (cache hit)
2021 http cache jest-config@https://registry.npmjs.org/jest-config/-/jest-config-30.5.1.tgz 0ms (cache hit)
2022 http cache jest-changed-files@https://registry.npmjs.org/jest-changed-files/-/jest-changed-files-30.5.1.tgz 0ms (cache hit)
2023 http cache graceful-fs@https://registry.npmjs.org/graceful-fs/-/graceful-fs-4.2.11.tgz 0ms (cache hit)
2024 http cache exit-x@https://registry.npmjs.org/exit-x/-/exit-x-0.2.2.tgz 0ms (cache hit)
2025 http cache ci-info@https://registry.npmjs.org/ci-info/-/ci-info-4.4.0.tgz 0ms (cache hit)
2026 http cache chalk@https://registry.npmjs.org/chalk/-/chalk-4.1.2.tgz 0ms (cache hit)
2027 http cache jest-util@https://registry.npmjs.org/jest-util/-/jest-util-30.5.1.tgz 0ms (cache hit)
2028 http cache ansi-escapes@https://registry.npmjs.org/ansi-escapes/-/ansi-escapes-4.3.2.tgz 0ms (cache hit)
2029 http cache @types/node@https://registry.npmjs.org/@types/node/-/node-26.4.1.tgz 0ms (cache hit)
2030 http cache fast-json-stable-stringify@https://registry.npmjs.org/fast-json-stable-stringify/-/fast-json-stable-stringify-2.1.0.tgz 0ms (cache hit)
2031 http cache @jest/test-result@https://registry.npmjs.org/@jest/test-result/-/test-result-30.5.1.tgz 0ms (cache hit)
2032 http cache @jest/transform@https://registry.npmjs.org/@jest/transform/-/transform-30.5.1.tgz 0ms (cache hit)
2033 http cache @jest/reporters@https://registry.npmjs.org/@jest/reporters/-/reporters-30.5.1.tgz 0ms (cache hit)
2034 http cache @jest/console@https://registry.npmjs.org/@jest/console/-/console-30.5.1.tgz 0ms (cache hit)
2035 http cache jest-cli@https://registry.npmjs.org/jest-cli/-/jest-cli-30.5.1.tgz 0ms (cache hit)
2036 http cache import-local@https://registry.npmjs.org/import-local/-/import-local-3.2.0.tgz 1ms (cache hit)
2037 http cache @jest/pattern@https://registry.npmjs.org/@jest/pattern/-/pattern-30.5.0.tgz 0ms (cache hit)
2038 http cache @jest/types@https://registry.npmjs.org/@jest/types/-/types-30.5.1.tgz 0ms (cache hit)
2039 http cache @jest/core@https://registry.npmjs.org/@jest/core/-/core-30.5.1.tgz 0ms (cache hit)
2040 http cache jest@https://registry.npmjs.org/jest/-/jest-30.5.1.tgz 0ms (cache hit)
2041 http cache ansi-styles@https://registry.npmjs.org/ansi-styles/-/ansi-styles-6.2.3.tgz 0ms (cache hit)
2042 http cache ansi-regex@https://registry.npmjs.org/ansi-regex/-/ansi-regex-6.3.0.tgz 0ms (cache hit)
2043 http cache emoji-regex@https://registry.npmjs.org/emoji-regex/-/emoji-regex-9.2.2.tgz 0ms (cache hit)
2044 http cache wrap-ansi@https://registry.npmjs.org/wrap-ansi/-/wrap-ansi-8.1.0.tgz 0ms (cache hit)
2045 http cache signal-exit@https://registry.npmjs.org/signal-exit/-/signal-exit-4.1.0.tgz 0ms (cache hit)
2046 http cache p-limit@https://registry.npmjs.org/p-limit/-/p-limit-2.3.0.tgz 0ms (cache hit)
2047 http cache strip-ansi@https://registry.npmjs.org/strip-ansi/-/strip-ansi-7.2.0.tgz 0ms (cache hit)
2048 http cache string-width@https://registry.npmjs.org/string-width/-/string-width-5.1.2.tgz 0ms (cache hit)
2049 http cache picomatch@https://registry.npmjs.org/picomatch/-/picomatch-2.3.2.tgz 0ms (cache hit)
2050 http cache semver@https://registry.npmjs.org/semver/-/semver-7.8.5.tgz 1ms (cache hit)
2051 http cache balanced-match@https://registry.npmjs.org/balanced-match/-/balanced-match-1.0.2.tgz 0ms (cache hit)
2052 http cache lru-cache@https://registry.npmjs.org/lru-cache/-/lru-cache-11.5.2.tgz 0ms (cache hit)
2053 http cache brace-expansion@https://registry.npmjs.org/brace-expansion/-/brace-expansion-2.1.4.tgz 0ms (cache hit)
2054 http cache path-scurry@https://registry.npmjs.org/path-scurry/-/path-scurry-1.11.1.tgz 0ms (cache hit)
2055 http cache lru-cache@https://registry.npmjs.org/lru-cache/-/lru-cache-10.4.3.tgz 0ms (cache hit)
2056 http cache glob@https://registry.npmjs.org/glob/-/glob-10.5.0.tgz 0ms (cache hit)
2057 http cache signal-exit@https://registry.npmjs.org/signal-exit/-/signal-exit-4.1.0.tgz 0ms (cache hit)
2058 http cache minimatch@https://registry.npmjs.org/minimatch/-/minimatch-9.0.9.tgz 0ms (cache hit)
2059 http cache semver@https://registry.npmjs.org/semver/-/semver-7.8.5.tgz 0ms (cache hit)
2060 http cache supports-color@https://registry.npmjs.org/supports-color/-/supports-color-8.1.1.tgz 0ms (cache hit)
2061 silly tarball no local data for eastasianwidth@https://registry.npmjs.org/eastasianwidth/-/eastasianwidth-0.2.0.tgz. Extracting by manifest.
2062 http cache ansi-styles@https://registry.npmjs.org/ansi-styles/-/ansi-styles-5.2.0.tgz 0ms (cache hit)
2063 silly tarball no local data for @pkgjs/parseargs@https://registry.npmjs.org/@pkgjs/parseargs/-/parseargs-0.11.0.tgz. Extracting by manifest.
2064 silly tarball no local data for string-width-cjs@https://registry.npmjs.org/string-width/-/string-width-4.2.3.tgz. Extracting by manifest.
2065 silly tarball no local data for @isaacs/cliui@https://registry.npmjs.org/@isaacs/cliui/-/cliui-8.0.2.tgz. Extracting by manifest.
2066 silly tarball no local data for strip-ansi-cjs@https://registry.npmjs.org/strip-ansi/-/strip-ansi-6.0.1.tgz. Extracting by manifest.
2067 http cache camelcase@https://registry.npmjs.org/camelcase/-/camelcase-6.3.0.tgz 0ms (cache hit)
2068 http cache semver@https://registry.npmjs.org/semver/-/semver-7.8.5.tgz 0ms (cache hit)
2069 silly tarball no local data for package-json-from-dist@https://registry.npmjs.org/package-json-from-dist/-/package-json-from-dist-1.0.1.tgz. Extracting by manifest.
2070 silly tarball no local data for jackspeak@https://registry.npmjs.org/jackspeak/-/jackspeak-3.4.3.tgz. Extracting by manifest.
2071 silly tarball no local data for foreground-child@https://registry.npmjs.org/foreground-child/-/foreground-child-3.3.1.tgz. Extracting by manifest.
2072 silly tarball no local data for wrap-ansi-cjs@https://registry.npmjs.org/wrap-ansi/-/wrap-ansi-7.0.0.tgz. Extracting by manifest.
2073 silly tarball no local data for is-fullwidth-code-point@https://registry.npmjs.org/is-fullwidth-code-point/-/is-fullwidth-code-point-3.0.0.tgz. Extracting by manifest.
2074 silly tarball no local data for emoji-regex@https://registry.npmjs.org/emoji-regex/-/emoji-regex-8.0.0.tgz. Extracting by manifest.
2075 silly tarball no local data for p-try@https://registry.npmjs.org/p-try/-/p-try-2.2.0.tgz. Extracting by manifest.
2076 silly tarball no local data for yargs-parser@https://registry.npmjs.org/yargs-parser/-/yargs-parser-21.1.1.tgz. Extracting by manifest.
2077 silly tarball no local data for wrap-ansi@https://registry.npmjs.org/wrap-ansi/-/wrap-ansi-7.0.0.tgz. Extracting by manifest.
2078 silly tarball no local data for y18n@https://registry.npmjs.org/y18n/-/y18n-5.0.8.tgz. Extracting by manifest.
2079 silly tarball no local data for string-width@https://registry.npmjs.org/string-width/-/string-width-4.2.3.tgz. Extracting by manifest.
2080 silly tarball no local data for require-directory@https://registry.npmjs.org/require-directory/-/require-directory-2.1.1.tgz. Extracting by manifest.
2081 silly tarball no local data for get-caller-file@https://registry.npmjs.org/get-caller-file/-/get-caller-file-2.0.5.tgz. Extracting by manifest.
2082 silly tarball no local data for cliui@https://registry.npmjs.org/cliui/-/cliui-8.0.1.tgz. Extracting by manifest.
2083 silly tarball no local data for isexe@https://registry.npmjs.org/isexe/-/isexe-2.0.0.tgz. Extracting by manifest.
2084 silly tarball no local data for imurmurhash@https://registry.npmjs.org/imurmurhash/-/imurmurhash-0.1.4.tgz. Extracting by manifest.
2085 silly tarball no local data for @tybys/wasm-util@https://registry.npmjs.org/@tybys/wasm-util/-/wasm-util-0.10.3.tgz. Extracting by manifest.
2086 silly tarball no local data for escalade@https://registry.npmjs.org/escalade/-/escalade-3.2.0.tgz. Extracting by manifest.
2087 silly tarball no local data for tslib@https://registry.npmjs.org/tslib/-/tslib-2.8.1.tgz. Extracting by manifest.
2088 silly tarball no local data for @emnapi/core@https://registry.npmjs.org/@emnapi/core/-/core-1.10.0.tgz. Extracting by manifest.
2089 silly tarball no local data for @emnapi/wasi-threads@https://registry.npmjs.org/@emnapi/wasi-threads/-/wasi-threads-1.2.1.tgz. Extracting by manifest.
2090 silly tarball no local data for @emnapi/runtime@https://registry.npmjs.org/@emnapi/runtime/-/runtime-1.10.0.tgz. Extracting by manifest.
2091 silly tarball no local data for @napi-rs/wasm-runtime@https://registry.npmjs.org/@napi-rs/wasm-runtime/-/wasm-runtime-1.2.3.tgz. Extracting by manifest.
2092 silly tarball no local data for napi-postinstall@https://registry.npmjs.org/napi-postinstall/-/napi-postinstall-0.3.4.tgz. Extracting by manifest.
2093 silly tarball no local data for @pkgr/core@https://registry.npmjs.org/@pkgr/core/-/core-0.3.6.tgz. Extracting by manifest.
2094 silly tarball no local data for @unrs/resolver-binding-win32-x64-msvc@https://registry.npmjs.org/@unrs/resolver-binding-win32-x64-msvc/-/resolver-binding-win32-x64-msvc-1.12.2.tgz. Extracting by manifest.
2095 silly tarball no local data for has-flag@https://registry.npmjs.org/has-flag/-/has-flag-4.0.0.tgz. Extracting by manifest.
2096 silly tarball no local data for strip-ansi@https://registry.npmjs.org/strip-ansi/-/strip-ansi-6.0.1.tgz. Extracting by manifest.
2097 silly tarball no local data for ansi-regex@https://registry.npmjs.org/ansi-regex/-/ansi-regex-5.0.1.tgz. Extracting by manifest.
2098 silly tarball no local data for char-regex@https://registry.npmjs.org/char-regex/-/char-regex-1.0.2.tgz. Extracting by manifest.
2099 silly tarball no local data for @jest/react-is-19@https://registry.npmjs.org/react-is/-/react-is-19.2.8.tgz. Extracting by manifest.
2100 silly tarball no local data for @jest/react-is-18@https://registry.npmjs.org/react-is/-/react-is-18.3.1.tgz. Extracting by manifest.
2101 silly tarball no local data for shebang-regex@https://registry.npmjs.org/shebang-regex/-/shebang-regex-3.0.0.tgz. Extracting by manifest.
2102 silly tarball no local data for is-arrayish@https://registry.npmjs.org/is-arrayish/-/is-arrayish-0.2.1.tgz. Extracting by manifest.
2103 silly tarball no local data for json-parse-even-better-errors@https://registry.npmjs.org/json-parse-even-better-errors/-/json-parse-even-better-errors-2.3.1.tgz. Extracting by manifest.
2104 silly tarball no local data for error-ex@https://registry.npmjs.org/error-ex/-/error-ex-1.3.4.tgz. Extracting by manifest.
2105 silly tarball no local data for yocto-queue@https://registry.npmjs.org/yocto-queue/-/yocto-queue-0.1.0.tgz. Extracting by manifest.
2106 silly tarball no local data for brace-expansion@https://registry.npmjs.org/brace-expansion/-/brace-expansion-5.0.9.tgz. Extracting by manifest.
2107 silly tarball no local data for mimic-fn@https://registry.npmjs.org/mimic-fn/-/mimic-fn-2.1.0.tgz. Extracting by manifest.
2108 silly tarball no local data for balanced-match@https://registry.npmjs.org/balanced-match/-/balanced-match-4.0.4.tgz. Extracting by manifest.
2109 silly tarball no local data for yallist@https://registry.npmjs.org/yallist/-/yallist-3.1.1.tgz. Extracting by manifest.
2110 silly tarball no local data for p-locate@https://registry.npmjs.org/p-locate/-/p-locate-4.1.0.tgz. Extracting by manifest.
2111 silly tarball no local data for sprintf-js@https://registry.npmjs.org/sprintf-js/-/sprintf-js-1.0.3.tgz. Extracting by manifest.
2112 silly tarball no local data for escape-string-regexp@https://registry.npmjs.org/escape-string-regexp/-/escape-string-regexp-2.0.0.tgz. Extracting by manifest.
2113 silly tarball no local data for argparse@https://registry.npmjs.org/argparse/-/argparse-1.0.10.tgz. Extracting by manifest.
2114 silly tarball no local data for esprima@https://registry.npmjs.org/esprima/-/esprima-4.0.1.tgz. Extracting by manifest.
2115 silly tarball no local data for lines-and-columns@https://registry.npmjs.org/lines-and-columns/-/lines-and-columns-1.2.4.tgz. Extracting by manifest.
2116 silly tarball no local data for @ungap/structured-clone@https://registry.npmjs.org/@ungap/structured-clone/-/structured-clone-1.4.0.tgz. Extracting by manifest.
2117 silly tarball no local data for natural-compare@https://registry.npmjs.org/natural-compare/-/natural-compare-1.4.0.tgz. Extracting by manifest.
2118 silly tarball no local data for @jest/snapshot-utils@https://registry.npmjs.org/@jest/snapshot-utils/-/snapshot-utils-30.5.1.tgz. Extracting by manifest.
2119 silly tarball no local data for leven@https://registry.npmjs.org/leven/-/leven-3.1.0.tgz. Extracting by manifest.
2120 silly tarball no local data for synckit@https://registry.npmjs.org/synckit/-/synckit-0.11.13.tgz. Extracting by manifest.
2121 silly tarball no local data for @babel/plugin-syntax-jsx@https://registry.npmjs.org/@babel/plugin-syntax-jsx/-/plugin-syntax-jsx-7.29.7.tgz. Extracting by manifest.
2122 silly tarball no local data for @jest/globals@https://registry.npmjs.org/@jest/globals/-/globals-30.5.1.tgz. Extracting by manifest.
2123 silly tarball no local data for @babel/plugin-syntax-typescript@https://registry.npmjs.org/@babel/plugin-syntax-typescript/-/plugin-syntax-typescript-7.29.7.tgz. Extracting by manifest.
2124 silly tarball no local data for strip-bom@https://registry.npmjs.org/strip-bom/-/strip-bom-4.0.0.tgz. Extracting by manifest.
2125 silly tarball no local data for cjs-module-lexer@https://registry.npmjs.org/cjs-module-lexer/-/cjs-module-lexer-2.2.1.tgz. Extracting by manifest.
2126 silly tarball no local data for es-module-lexer@https://registry.npmjs.org/es-module-lexer/-/es-module-lexer-2.3.2.tgz. Extracting by manifest.
2127 silly tarball no local data for callsites@https://registry.npmjs.org/callsites/-/callsites-3.1.0.tgz. Extracting by manifest.
2128 silly tarball no local data for @jest/source-map@https://registry.npmjs.org/@jest/source-map/-/source-map-30.5.0.tgz. Extracting by manifest.
2129 silly tarball no local data for @types/stack-utils@https://registry.npmjs.org/@types/stack-utils/-/stack-utils-2.0.3.tgz. Extracting by manifest.
2130 silly tarball no local data for @jest/diff-sequences@https://registry.npmjs.org/@jest/diff-sequences/-/diff-sequences-30.5.0.tgz. Extracting by manifest.
2131 silly tarball no local data for jest-leak-detector@https://registry.npmjs.org/jest-leak-detector/-/jest-leak-detector-30.5.1.tgz. Extracting by manifest.
2132 silly tarball no local data for unrs-resolver@https://registry.npmjs.org/unrs-resolver/-/unrs-resolver-1.12.2.tgz. Extracting by manifest.
2133 silly tarball no local data for emittery@https://registry.npmjs.org/emittery/-/emittery-0.13.1.tgz. Extracting by manifest.
2134 silly tarball no local data for jest-diff@https://registry.npmjs.org/jest-diff/-/jest-diff-30.5.1.tgz. Extracting by manifest.
2135 silly tarball no local data for node-int64@https://registry.npmjs.org/node-int64/-/node-int64-0.4.0.tgz. Extracting by manifest.
2136 silly tarball no local data for bser@https://registry.npmjs.org/bser/-/bser-2.1.1.tgz. Extracting by manifest.
2137 silly tarball no local data for @parcel/watcher-win32-x64@https://registry.npmjs.org/@parcel/watcher-win32-x64/-/watcher-win32-x64-2.6.0.tgz. Extracting by manifest.
2138 silly tarball no local data for is-extglob@https://registry.npmjs.org/is-extglob/-/is-extglob-2.1.1.tgz. Extracting by manifest.
2139 silly tarball no local data for is-glob@https://registry.npmjs.org/is-glob/-/is-glob-4.0.3.tgz. Extracting by manifest.
2140 silly tarball no local data for detect-libc@https://registry.npmjs.org/detect-libc/-/detect-libc-2.1.2.tgz. Extracting by manifest.
2141 silly tarball no local data for normalize-path@https://registry.npmjs.org/normalize-path/-/normalize-path-3.0.0.tgz. Extracting by manifest.
2142 silly tarball no local data for node-addon-api@https://registry.npmjs.org/node-addon-api/-/node-addon-api-7.1.1.tgz. Extracting by manifest.
2143 silly tarball no local data for fdir@https://registry.npmjs.org/fdir/-/fdir-6.5.0.tgz. Extracting by manifest.
2144 silly tarball no local data for picomatch@https://registry.npmjs.org/picomatch/-/picomatch-4.0.7.tgz. Extracting by manifest.
2145 silly tarball no local data for anymatch@https://registry.npmjs.org/anymatch/-/anymatch-3.1.3.tgz. Extracting by manifest.
2146 silly tarball no local data for @parcel/watcher@https://registry.npmjs.org/@parcel/watcher/-/watcher-2.6.0.tgz. Extracting by manifest.
2147 silly tarball no local data for fb-watchman@https://registry.npmjs.org/fb-watchman/-/fb-watchman-2.0.2.tgz. Extracting by manifest.
2148 silly tarball no local data for @jest/expect-utils@https://registry.npmjs.org/@jest/expect-utils/-/expect-utils-30.5.1.tgz. Extracting by manifest.
2149 silly tarball no local data for @sinonjs/commons@https://registry.npmjs.org/@sinonjs/commons/-/commons-3.0.1.tgz. Extracting by manifest.
2150 silly tarball no local data for @sinonjs/fake-timers@https://registry.npmjs.org/@sinonjs/fake-timers/-/fake-timers-15.4.0.tgz. Extracting by manifest.
2151 silly tarball no local data for detect-newline@https://registry.npmjs.org/detect-newline/-/detect-newline-3.1.0.tgz. Extracting by manifest.
2152 silly tarball no local data for type-detect@https://registry.npmjs.org/type-detect/-/type-detect-4.0.8.tgz. Extracting by manifest.
2153 silly tarball no local data for @jest/fake-timers@https://registry.npmjs.org/@jest/fake-timers/-/fake-timers-30.5.1.tgz. Extracting by manifest.
2154 silly tarball no local data for expect@https://registry.npmjs.org/expect/-/expect-30.5.1.tgz. Extracting by manifest.
2155 silly tarball no local data for jest-mock@https://registry.npmjs.org/jest-mock/-/jest-mock-30.5.1.tgz. Extracting by manifest.
2156 silly tarball no local data for jest-each@https://registry.npmjs.org/jest-each/-/jest-each-30.5.1.tgz. Extracting by manifest.
2157 silly tarball no local data for jest-matcher-utils@https://registry.npmjs.org/jest-matcher-utils/-/jest-matcher-utils-30.5.1.tgz. Extracting by manifest.
2158 silly tarball no local data for stack-utils@https://registry.npmjs.org/stack-utils/-/stack-utils-2.0.6.tgz. Extracting by manifest.
2159 silly tarball no local data for pure-rand@https://registry.npmjs.org/pure-rand/-/pure-rand-7.0.1.tgz. Extracting by manifest.
2160 silly tarball no local data for @jest/expect@https://registry.npmjs.org/@jest/expect/-/expect-30.5.1.tgz. Extracting by manifest.
2161 silly tarball no local data for @jest/environment@https://registry.npmjs.org/@jest/environment/-/environment-30.5.1.tgz. Extracting by manifest.
2162 silly tarball no local data for @babel/plugin-syntax-optional-chaining@https://registry.npmjs.org/@babel/plugin-syntax-optional-chaining/-/plugin-syntax-optional-chaining-7.8.3.tgz. Extracting by manifest.
2163 silly tarball no local data for @babel/plugin-syntax-optional-catch-binding@https://registry.npmjs.org/@babel/plugin-syntax-optional-catch-binding/-/plugin-syntax-optional-catch-binding-7.8.3.tgz. Extracting by manifest.
2164 silly tarball no local data for @babel/plugin-syntax-object-rest-spread@https://registry.npmjs.org/@babel/plugin-syntax-object-rest-spread/-/plugin-syntax-object-rest-spread-7.8.3.tgz. Extracting by manifest.
2165 silly tarball no local data for @babel/plugin-syntax-numeric-separator@https://registry.npmjs.org/@babel/plugin-syntax-numeric-separator/-/plugin-syntax-numeric-separator-7.10.4.tgz. Extracting by manifest.
2166 silly tarball no local data for @babel/plugin-syntax-top-level-await@https://registry.npmjs.org/@babel/plugin-syntax-top-level-await/-/plugin-syntax-top-level-await-7.14.5.tgz. Extracting by manifest.
2167 silly tarball no local data for @babel/plugin-syntax-private-property-in-object@https://registry.npmjs.org/@babel/plugin-syntax-private-property-in-object/-/plugin-syntax-private-property-in-object-7.14.5.tgz. Extracting by manifest.
2168 silly tarball no local data for @babel/plugin-syntax-nullish-coalescing-operator@https://registry.npmjs.org/@babel/plugin-syntax-nullish-coalescing-operator/-/plugin-syntax-nullish-coalescing-operator-7.8.3.tgz. Extracting by manifest.
2169 silly tarball no local data for @babel/plugin-syntax-logical-assignment-operators@https://registry.npmjs.org/@babel/plugin-syntax-logical-assignment-operators/-/plugin-syntax-logical-assignment-operators-7.10.4.tgz. Extracting by manifest.
2170 silly tarball no local data for @babel/plugin-syntax-import-meta@https://registry.npmjs.org/@babel/plugin-syntax-import-meta/-/plugin-syntax-import-meta-7.10.4.tgz. Extracting by manifest.
2171 silly tarball no local data for @babel/plugin-syntax-json-strings@https://registry.npmjs.org/@babel/plugin-syntax-json-strings/-/plugin-syntax-json-strings-7.8.3.tgz. Extracting by manifest.
2172 silly tarball no local data for @babel/plugin-syntax-import-attributes@https://registry.npmjs.org/@babel/plugin-syntax-import-attributes/-/plugin-syntax-import-attributes-7.29.7.tgz. Extracting by manifest.
2173 silly tarball no local data for @babel/plugin-syntax-class-static-block@https://registry.npmjs.org/@babel/plugin-syntax-class-static-block/-/plugin-syntax-class-static-block-7.14.5.tgz. Extracting by manifest.
2174 silly tarball no local data for @babel/plugin-syntax-async-generators@https://registry.npmjs.org/@babel/plugin-syntax-async-generators/-/plugin-syntax-async-generators-7.8.4.tgz. Extracting by manifest.
2175 silly tarball no local data for @babel/plugin-syntax-class-properties@https://registry.npmjs.org/@babel/plugin-syntax-class-properties/-/plugin-syntax-class-properties-7.12.13.tgz. Extracting by manifest.
2176 silly tarball no local data for @babel/plugin-syntax-bigint@https://registry.npmjs.org/@babel/plugin-syntax-bigint/-/plugin-syntax-bigint-7.8.3.tgz. Extracting by manifest.
2177 silly tarball no local data for is-generator-fn@https://registry.npmjs.org/is-generator-fn/-/is-generator-fn-2.1.0.tgz. Extracting by manifest.
2178 silly tarball no local data for dedent@https://registry.npmjs.org/dedent/-/dedent-1.7.2.tgz. Extracting by manifest.
2179 silly tarball no local data for babel-preset-current-node-syntax@https://registry.npmjs.org/babel-preset-current-node-syntax/-/babel-preset-current-node-syntax-1.2.0.tgz. Extracting by manifest.
2180 silly tarball no local data for co@https://registry.npmjs.org/co/-/co-4.6.0.tgz. Extracting by manifest.
2181 silly tarball no local data for @types/babel__template@https://registry.npmjs.org/@types/babel__template/-/babel__template-7.4.4.tgz. Extracting by manifest.
2182 silly tarball no local data for babel-preset-jest@https://registry.npmjs.org/babel-preset-jest/-/babel-preset-jest-30.5.0.tgz. Extracting by manifest.
2183 silly tarball no local data for @types/babel__traverse@https://registry.npmjs.org/@types/babel__traverse/-/babel__traverse-7.28.0.tgz. Extracting by manifest.
2184 silly tarball no local data for @types/babel__generator@https://registry.npmjs.org/@types/babel__generator/-/babel__generator-7.27.0.tgz. Extracting by manifest.
2185 silly tarball no local data for @types/babel__core@https://registry.npmjs.org/@types/babel__core/-/babel__core-7.20.5.tgz. Extracting by manifest.
2186 silly tarball no local data for strip-json-comments@https://registry.npmjs.org/strip-json-comments/-/strip-json-comments-3.1.1.tgz. Extracting by manifest.
2187 silly tarball no local data for parse-json@https://registry.npmjs.org/parse-json/-/parse-json-5.2.0.tgz. Extracting by manifest.
2188 silly tarball no local data for jest-docblock@https://registry.npmjs.org/jest-docblock/-/jest-docblock-30.5.0.tgz. Extracting by manifest.
2189 silly tarball no local data for babel-plugin-jest-hoist@https://registry.npmjs.org/babel-plugin-jest-hoist/-/babel-plugin-jest-hoist-30.5.0.tgz. Extracting by manifest.
2190 silly tarball no local data for jest-circus@https://registry.npmjs.org/jest-circus/-/jest-circus-30.5.1.tgz. Extracting by manifest.
2191 silly tarball no local data for jest-environment-node@https://registry.npmjs.org/jest-environment-node/-/jest-environment-node-30.5.1.tgz. Extracting by manifest.
2192 silly tarball no local data for deepmerge@https://registry.npmjs.org/deepmerge/-/deepmerge-4.3.1.tgz. Extracting by manifest.
2193 silly tarball no local data for @jest/get-type@https://registry.npmjs.org/@jest/get-type/-/get-type-30.5.0.tgz. Extracting by manifest.
2194 silly tarball no local data for @jest/test-sequencer@https://registry.npmjs.org/@jest/test-sequencer/-/test-sequencer-30.5.1.tgz. Extracting by manifest.
2195 silly tarball no local data for babel-jest@https://registry.npmjs.org/babel-jest/-/babel-jest-30.5.1.tgz. Extracting by manifest.
2196 silly tarball no local data for which@https://registry.npmjs.org/which/-/which-2.0.2.tgz. Extracting by manifest.
2197 silly tarball no local data for shebang-command@https://registry.npmjs.org/shebang-command/-/shebang-command-2.0.0.tgz. Extracting by manifest.
2198 silly tarball no local data for path-key@https://registry.npmjs.org/path-key/-/path-key-3.1.1.tgz. Extracting by manifest.
2199 silly tarball no local data for signal-exit@https://registry.npmjs.org/signal-exit/-/signal-exit-3.0.7.tgz. Extracting by manifest.
2200 silly tarball no local data for strip-final-newline@https://registry.npmjs.org/strip-final-newline/-/strip-final-newline-2.0.0.tgz. Extracting by manifest.
2201 silly tarball no local data for onetime@https://registry.npmjs.org/onetime/-/onetime-5.1.2.tgz. Extracting by manifest.
2202 silly tarball no local data for yargs@https://registry.npmjs.org/yargs/-/yargs-17.7.3.tgz. Extracting by manifest.
2203 silly tarball no local data for npm-run-path@https://registry.npmjs.org/npm-run-path/-/npm-run-path-4.0.1.tgz. Extracting by manifest.
2204 silly tarball no local data for is-stream@https://registry.npmjs.org/is-stream/-/is-stream-2.0.1.tgz. Extracting by manifest.
2205 silly tarball no local data for merge-stream@https://registry.npmjs.org/merge-stream/-/merge-stream-2.0.0.tgz. Extracting by manifest.
2206 silly tarball no local data for get-stream@https://registry.npmjs.org/get-stream/-/get-stream-6.0.1.tgz. Extracting by manifest.
2207 silly tarball no local data for human-signals@https://registry.npmjs.org/human-signals/-/human-signals-2.1.0.tgz. Extracting by manifest.
2208 silly tarball no local data for cross-spawn@https://registry.npmjs.org/cross-spawn/-/cross-spawn-7.0.6.tgz. Extracting by manifest.
2209 silly tarball no local data for p-limit@https://registry.npmjs.org/p-limit/-/p-limit-3.1.0.tgz. Extracting by manifest.
2210 silly tarball no local data for execa@https://registry.npmjs.org/execa/-/execa-5.1.1.tgz. Extracting by manifest.
2211 silly tarball no local data for resolve-cwd@https://registry.npmjs.org/resolve-cwd/-/resolve-cwd-3.0.0.tgz. Extracting by manifest.
2212 silly tarball no local data for make-dir@https://registry.npmjs.org/make-dir/-/make-dir-4.0.0.tgz. Extracting by manifest.
2213 silly tarball no local data for html-escaper@https://registry.npmjs.org/html-escaper/-/html-escaper-2.0.2.tgz. Extracting by manifest.
2214 silly tarball no local data for pkg-dir@https://registry.npmjs.org/pkg-dir/-/pkg-dir-4.2.0.tgz. Extracting by manifest.
2215 silly tarball no local data for path-scurry@https://registry.npmjs.org/path-scurry/-/path-scurry-2.0.2.tgz. Extracting by manifest.
2216 silly tarball no local data for minipass@https://registry.npmjs.org/minipass/-/minipass-7.1.3.tgz. Extracting by manifest.
2217 silly tarball no local data for minimatch@https://registry.npmjs.org/minimatch/-/minimatch-10.2.6.tgz. Extracting by manifest.
2218 silly tarball no local data for path-exists@https://registry.npmjs.org/path-exists/-/path-exists-4.0.0.tgz. Extracting by manifest.
2219 silly tarball no local data for locate-path@https://registry.npmjs.org/locate-path/-/locate-path-5.0.0.tgz. Extracting by manifest.
2220 silly tarball no local data for color-name@https://registry.npmjs.org/color-name/-/color-name-1.1.4.tgz. Extracting by manifest.
2221 silly tarball no local data for ms@https://registry.npmjs.org/ms/-/ms-2.1.3.tgz. Extracting by manifest.
2222 silly tarball no local data for ansi-styles@https://registry.npmjs.org/ansi-styles/-/ansi-styles-4.3.0.tgz. Extracting by manifest.
2223 silly tarball no local data for update-browserslist-db@https://registry.npmjs.org/update-browserslist-db/-/update-browserslist-db-1.3.2.tgz. Extracting by manifest.
2224 silly tarball no local data for node-releases@https://registry.npmjs.org/node-releases/-/node-releases-2.0.54.tgz. Extracting by manifest.
2225 silly tarball no local data for color-convert@https://registry.npmjs.org/color-convert/-/color-convert-2.0.1.tgz. Extracting by manifest.
2226 silly tarball no local data for supports-color@https://registry.npmjs.org/supports-color/-/supports-color-7.2.0.tgz. Extracting by manifest.
2227 silly tarball no local data for electron-to-chromium@https://registry.npmjs.org/electron-to-chromium/-/electron-to-chromium-1.5.420.tgz. Extracting by manifest.
2228 silly tarball no local data for caniuse-lite@https://registry.npmjs.org/caniuse-lite/-/caniuse-lite-1.0.30001810.tgz. Extracting by manifest.
2229 silly tarball no local data for baseline-browser-mapping@https://registry.npmjs.org/baseline-browser-mapping/-/baseline-browser-mapping-2.11.20.tgz. Extracting by manifest.
2230 silly tarball no local data for resolve-from@https://registry.npmjs.org/resolve-from/-/resolve-from-5.0.0.tgz. Extracting by manifest.
2231 silly tarball no local data for js-yaml@https://registry.npmjs.org/js-yaml/-/js-yaml-3.15.2.tgz. Extracting by manifest.
2232 silly tarball no local data for get-package-type@https://registry.npmjs.org/get-package-type/-/get-package-type-0.1.0.tgz. Extracting by manifest.
2233 silly tarball no local data for @istanbuljs/schema@https://registry.npmjs.org/@istanbuljs/schema/-/schema-0.1.6.tgz. Extracting by manifest.
2234 silly tarball no local data for camelcase@https://registry.npmjs.org/camelcase/-/camelcase-5.3.1.tgz. Extracting by manifest.
2235 silly tarball no local data for test-exclude@https://registry.npmjs.org/test-exclude/-/test-exclude-7.0.2.tgz. Extracting by manifest.
2236 silly tarball no local data for find-up@https://registry.npmjs.org/find-up/-/find-up-4.1.0.tgz. Extracting by manifest.
2237 silly tarball no local data for type-fest@https://registry.npmjs.org/type-fest/-/type-fest-0.21.3.tgz. Extracting by manifest.
2238 silly tarball no local data for undici-types@https://registry.npmjs.org/undici-types/-/undici-types-8.3.0.tgz. Extracting by manifest.
2239 silly tarball no local data for @types/yargs-parser@https://registry.npmjs.org/@types/yargs-parser/-/yargs-parser-21.0.3.tgz. Extracting by manifest.
2240 silly tarball no local data for @types/istanbul-lib-report@https://registry.npmjs.org/@types/istanbul-lib-report/-/istanbul-lib-report-3.0.3.tgz. Extracting by manifest.
2241 silly tarball no local data for @babel/helper-plugin-utils@https://registry.npmjs.org/@babel/helper-plugin-utils/-/helper-plugin-utils-7.29.7.tgz. Extracting by manifest.
2242 silly tarball no local data for @sinclair/typebox@https://registry.npmjs.org/@sinclair/typebox/-/typebox-0.34.52.tgz. Extracting by manifest.
2243 silly tarball no local data for @types/istanbul-reports@https://registry.npmjs.org/@types/istanbul-reports/-/istanbul-reports-3.0.4.tgz. Extracting by manifest.
2244 silly tarball no local data for @types/yargs@https://registry.npmjs.org/@types/yargs/-/yargs-17.0.35.tgz. Extracting by manifest.
2245 silly tarball no local data for @jest/schemas@https://registry.npmjs.org/@jest/schemas/-/schemas-30.5.0.tgz. Extracting by manifest.
2246 silly tarball no local data for @babel/helper-globals@https://registry.npmjs.org/@babel/helper-globals/-/helper-globals-7.29.7.tgz. Extracting by manifest.
2247 silly tarball no local data for @jridgewell/resolve-uri@https://registry.npmjs.org/@jridgewell/resolve-uri/-/resolve-uri-3.1.2.tgz. Extracting by manifest.
2248 silly tarball no local data for @babel/helper-string-parser@https://registry.npmjs.org/@babel/helper-string-parser/-/helper-string-parser-7.29.7.tgz. Extracting by manifest.
2249 silly tarball no local data for @jridgewell/sourcemap-codec@https://registry.npmjs.org/@jridgewell/sourcemap-codec/-/sourcemap-codec-1.6.0.tgz. Extracting by manifest.
2250 silly tarball no local data for lru-cache@https://registry.npmjs.org/lru-cache/-/lru-cache-5.1.1.tgz. Extracting by manifest.
2251 silly tarball no local data for jsesc@https://registry.npmjs.org/jsesc/-/jsesc-3.1.0.tgz. Extracting by manifest.
2252 silly tarball no local data for @jridgewell/gen-mapping@https://registry.npmjs.org/@jridgewell/gen-mapping/-/gen-mapping-0.3.13.tgz. Extracting by manifest.
2253 silly tarball no local data for browserslist@https://registry.npmjs.org/browserslist/-/browserslist-4.28.8.tgz. Extracting by manifest.
2254 silly tarball no local data for picocolors@https://registry.npmjs.org/picocolors/-/picocolors-1.1.1.tgz. Extracting by manifest.
2255 silly tarball no local data for @babel/helper-validator-option@https://registry.npmjs.org/@babel/helper-validator-option/-/helper-validator-option-7.29.7.tgz. Extracting by manifest.
2256 silly tarball no local data for js-tokens@https://registry.npmjs.org/js-tokens/-/js-tokens-4.0.0.tgz. Extracting by manifest.
2257 silly tarball no local data for semver@https://registry.npmjs.org/semver/-/semver-6.3.1.tgz. Extracting by manifest.
2258 silly tarball no local data for json5@https://registry.npmjs.org/json5/-/json5-2.2.3.tgz. Extracting by manifest.
2259 silly tarball no local data for @babel/compat-data@https://registry.npmjs.org/@babel/compat-data/-/compat-data-7.29.7.tgz. Extracting by manifest.
2260 silly tarball no local data for @istanbuljs/load-nyc-config@https://registry.npmjs.org/@istanbuljs/load-nyc-config/-/load-nyc-config-1.1.0.tgz. Extracting by manifest.
2261 silly tarball no local data for @babel/helper-validator-identifier@https://registry.npmjs.org/@babel/helper-validator-identifier/-/helper-validator-identifier-7.29.7.tgz. Extracting by manifest.
2262 silly tarball no local data for @jridgewell/remapping@https://registry.npmjs.org/@jridgewell/remapping/-/remapping-2.3.5.tgz. Extracting by manifest.
2263 silly tarball no local data for @babel/types@https://registry.npmjs.org/@babel/types/-/types-7.29.8.tgz. Extracting by manifest.
2264 silly tarball no local data for @babel/template@https://registry.npmjs.org/@babel/template/-/template-7.29.7.tgz. Extracting by manifest.
2265 silly tarball no local data for @babel/traverse@https://registry.npmjs.org/@babel/traverse/-/traverse-7.29.8.tgz. Extracting by manifest.
2266 silly tarball no local data for gensync@https://registry.npmjs.org/gensync/-/gensync-1.0.0-beta.2.tgz. Extracting by manifest.
2267 silly tarball no local data for debug@https://registry.npmjs.org/debug/-/debug-4.4.3.tgz. Extracting by manifest.
2268 silly tarball no local data for @babel/parser@https://registry.npmjs.org/@babel/parser/-/parser-7.29.8.tgz. Extracting by manifest.
2269 silly tarball no local data for @babel/helpers@https://registry.npmjs.org/@babel/helpers/-/helpers-7.29.7.tgz. Extracting by manifest.
2270 silly tarball no local data for @babel/helper-module-transforms@https://registry.npmjs.org/@babel/helper-module-transforms/-/helper-module-transforms-7.29.7.tgz. Extracting by manifest.
2271 silly tarball no local data for @babel/helper-compilation-targets@https://registry.npmjs.org/@babel/helper-compilation-targets/-/helper-compilation-targets-7.29.7.tgz. Extracting by manifest.
2272 silly tarball no local data for @babel/code-frame@https://registry.npmjs.org/@babel/code-frame/-/code-frame-7.29.7.tgz. Extracting by manifest.
2273 silly tarball no local data for @babel/generator@https://registry.npmjs.org/@babel/generator/-/generator-7.29.8.tgz. Extracting by manifest.
2274 silly tarball no local data for write-file-atomic@https://registry.npmjs.org/write-file-atomic/-/write-file-atomic-5.0.1.tgz. Extracting by manifest.
2275 silly tarball no local data for @babel/core@https://registry.npmjs.org/@babel/core/-/core-7.29.7.tgz. Extracting by manifest.
2276 silly tarball no local data for pirates@https://registry.npmjs.org/pirates/-/pirates-4.0.7.tgz. Extracting by manifest.
2277 silly tarball no local data for convert-source-map@https://registry.npmjs.org/convert-source-map/-/convert-source-map-2.0.0.tgz. Extracting by manifest.
2278 silly tarball no local data for @types/istanbul-lib-coverage@https://registry.npmjs.org/@types/istanbul-lib-coverage/-/istanbul-lib-coverage-2.0.6.tgz. Extracting by manifest.
2279 silly tarball no local data for babel-plugin-istanbul@https://registry.npmjs.org/babel-plugin-istanbul/-/babel-plugin-istanbul-8.0.0.tgz. Extracting by manifest.
2280 silly tarball no local data for @babel/helper-module-imports@https://registry.npmjs.org/@babel/helper-module-imports/-/helper-module-imports-7.29.7.tgz. Extracting by manifest.
2281 silly tarball no local data for v8-to-istanbul@https://registry.npmjs.org/v8-to-istanbul/-/v8-to-istanbul-9.3.0.tgz. Extracting by manifest.
2282 silly tarball no local data for jest-worker@https://registry.npmjs.org/jest-worker/-/jest-worker-30.5.1.tgz. Extracting by manifest.
2283 silly tarball no local data for istanbul-reports@https://registry.npmjs.org/istanbul-reports/-/istanbul-reports-3.2.0.tgz. Extracting by manifest.
2284 silly tarball no local data for istanbul-lib-source-maps@https://registry.npmjs.org/istanbul-lib-source-maps/-/istanbul-lib-source-maps-5.0.6.tgz. Extracting by manifest.
2285 silly tarball no local data for string-length@https://registry.npmjs.org/string-length/-/string-length-4.0.2.tgz. Extracting by manifest.
2286 silly tarball no local data for istanbul-lib-report@https://registry.npmjs.org/istanbul-lib-report/-/istanbul-lib-report-3.0.1.tgz. Extracting by manifest.
2287 silly tarball no local data for istanbul-lib-instrument@https://registry.npmjs.org/istanbul-lib-instrument/-/istanbul-lib-instrument-6.0.3.tgz. Extracting by manifest.
2288 silly tarball no local data for @jridgewell/trace-mapping@https://registry.npmjs.org/@jridgewell/trace-mapping/-/trace-mapping-0.3.31.tgz. Extracting by manifest.
2289 silly tarball no local data for glob@https://registry.npmjs.org/glob/-/glob-13.0.6.tgz. Extracting by manifest.
2290 silly tarball no local data for istanbul-lib-coverage@https://registry.npmjs.org/istanbul-lib-coverage/-/istanbul-lib-coverage-3.2.2.tgz. Extracting by manifest.
2291 silly tarball no local data for collect-v8-coverage@https://registry.npmjs.org/collect-v8-coverage/-/collect-v8-coverage-1.0.3.tgz. Extracting by manifest.
2292 silly tarball no local data for slash@https://registry.npmjs.org/slash/-/slash-3.0.0.tgz. Extracting by manifest.
2293 silly tarball no local data for @bcoe/v8-coverage@https://registry.npmjs.org/@bcoe/v8-coverage/-/v8-coverage-0.2.3.tgz. Extracting by manifest.
2294 silly tarball no local data for jest-watcher@https://registry.npmjs.org/jest-watcher/-/jest-watcher-30.5.1.tgz. Extracting by manifest.
2295 silly tarball no local data for pretty-format@https://registry.npmjs.org/pretty-format/-/pretty-format-30.5.1.tgz. Extracting by manifest.
2296 silly tarball no local data for jest-validate@https://registry.npmjs.org/jest-validate/-/jest-validate-30.5.1.tgz. Extracting by manifest.
2297 silly tarball no local data for jest-runtime@https://registry.npmjs.org/jest-runtime/-/jest-runtime-30.5.1.tgz. Extracting by manifest.
2298 silly tarball no local data for jest-snapshot@https://registry.npmjs.org/jest-snapshot/-/jest-snapshot-30.5.1.tgz. Extracting by manifest.
2299 silly tarball no local data for jest-runner@https://registry.npmjs.org/jest-runner/-/jest-runner-30.5.1.tgz. Extracting by manifest.
2300 silly tarball no local data for jest-resolve-dependencies@https://registry.npmjs.org/jest-resolve-dependencies/-/jest-resolve-dependencies-30.5.1.tgz. Extracting by manifest.
2301 silly tarball no local data for jest-regex-util@https://registry.npmjs.org/jest-regex-util/-/jest-regex-util-30.5.0.tgz. Extracting by manifest.
2302 silly tarball no local data for jest-resolve@https://registry.npmjs.org/jest-resolve/-/jest-resolve-30.5.1.tgz. Extracting by manifest.
2303 silly tarball no local data for jest-message-util@https://registry.npmjs.org/jest-message-util/-/jest-message-util-30.5.1.tgz. Extracting by manifest.
2304 silly tarball no local data for jest-haste-map@https://registry.npmjs.org/jest-haste-map/-/jest-haste-map-30.5.1.tgz. Extracting by manifest.
2305 silly tarball no local data for jest-config@https://registry.npmjs.org/jest-config/-/jest-config-30.5.1.tgz. Extracting by manifest.
2306 silly tarball no local data for jest-changed-files@https://registry.npmjs.org/jest-changed-files/-/jest-changed-files-30.5.1.tgz. Extracting by manifest.
2307 silly tarball no local data for graceful-fs@https://registry.npmjs.org/graceful-fs/-/graceful-fs-4.2.11.tgz. Extracting by manifest.
2308 silly tarball no local data for exit-x@https://registry.npmjs.org/exit-x/-/exit-x-0.2.2.tgz. Extracting by manifest.
2309 silly tarball no local data for ci-info@https://registry.npmjs.org/ci-info/-/ci-info-4.4.0.tgz. Extracting by manifest.
2310 silly tarball no local data for chalk@https://registry.npmjs.org/chalk/-/chalk-4.1.2.tgz. Extracting by manifest.
2311 silly tarball no local data for jest-util@https://registry.npmjs.org/jest-util/-/jest-util-30.5.1.tgz. Extracting by manifest.
2312 silly tarball no local data for ansi-escapes@https://registry.npmjs.org/ansi-escapes/-/ansi-escapes-4.3.2.tgz. Extracting by manifest.
2313 silly tarball no local data for @types/node@https://registry.npmjs.org/@types/node/-/node-26.4.1.tgz. Extracting by manifest.
2314 silly tarball no local data for fast-json-stable-stringify@https://registry.npmjs.org/fast-json-stable-stringify/-/fast-json-stable-stringify-2.1.0.tgz. Extracting by manifest.
2315 silly tarball no local data for @jest/test-result@https://registry.npmjs.org/@jest/test-result/-/test-result-30.5.1.tgz. Extracting by manifest.
2316 silly tarball no local data for @jest/transform@https://registry.npmjs.org/@jest/transform/-/transform-30.5.1.tgz. Extracting by manifest.
2317 silly tarball no local data for @jest/reporters@https://registry.npmjs.org/@jest/reporters/-/reporters-30.5.1.tgz. Extracting by manifest.
2318 silly tarball no local data for @jest/console@https://registry.npmjs.org/@jest/console/-/console-30.5.1.tgz. Extracting by manifest.
2319 silly tarball no local data for jest-cli@https://registry.npmjs.org/jest-cli/-/jest-cli-30.5.1.tgz. Extracting by manifest.
2320 silly tarball no local data for import-local@https://registry.npmjs.org/import-local/-/import-local-3.2.0.tgz. Extracting by manifest.
2321 silly tarball no local data for @jest/pattern@https://registry.npmjs.org/@jest/pattern/-/pattern-30.5.0.tgz. Extracting by manifest.
2322 silly tarball no local data for @jest/types@https://registry.npmjs.org/@jest/types/-/types-30.5.1.tgz. Extracting by manifest.
2323 silly tarball no local data for @jest/core@https://registry.npmjs.org/@jest/core/-/core-30.5.1.tgz. Extracting by manifest.
2324 silly tarball no local data for jest@https://registry.npmjs.org/jest/-/jest-30.5.1.tgz. Extracting by manifest.
2325 silly tarball no local data for ansi-styles@https://registry.npmjs.org/ansi-styles/-/ansi-styles-6.2.3.tgz. Extracting by manifest.
2326 silly tarball no local data for ansi-regex@https://registry.npmjs.org/ansi-regex/-/ansi-regex-6.3.0.tgz. Extracting by manifest.
2327 silly tarball no local data for emoji-regex@https://registry.npmjs.org/emoji-regex/-/emoji-regex-9.2.2.tgz. Extracting by manifest.
2328 silly tarball no local data for wrap-ansi@https://registry.npmjs.org/wrap-ansi/-/wrap-ansi-8.1.0.tgz. Extracting by manifest.
2329 silly tarball no local data for signal-exit@https://registry.npmjs.org/signal-exit/-/signal-exit-4.1.0.tgz. Extracting by manifest.
2330 silly tarball no local data for p-limit@https://registry.npmjs.org/p-limit/-/p-limit-2.3.0.tgz. Extracting by manifest.
2331 silly tarball no local data for strip-ansi@https://registry.npmjs.org/strip-ansi/-/strip-ansi-7.2.0.tgz. Extracting by manifest.
2332 silly tarball no local data for string-width@https://registry.npmjs.org/string-width/-/string-width-5.1.2.tgz. Extracting by manifest.
2333 silly tarball no local data for picomatch@https://registry.npmjs.org/picomatch/-/picomatch-2.3.2.tgz. Extracting by manifest.
2334 silly tarball no local data for semver@https://registry.npmjs.org/semver/-/semver-7.8.5.tgz. Extracting by manifest.
2335 silly tarball no local data for balanced-match@https://registry.npmjs.org/balanced-match/-/balanced-match-1.0.2.tgz. Extracting by manifest.
2336 silly tarball no local data for lru-cache@https://registry.npmjs.org/lru-cache/-/lru-cache-11.5.2.tgz. Extracting by manifest.
2337 silly tarball no local data for brace-expansion@https://registry.npmjs.org/brace-expansion/-/brace-expansion-2.1.4.tgz. Extracting by manifest.
2338 silly tarball no local data for path-scurry@https://registry.npmjs.org/path-scurry/-/path-scurry-1.11.1.tgz. Extracting by manifest.
2339 silly tarball no local data for lru-cache@https://registry.npmjs.org/lru-cache/-/lru-cache-10.4.3.tgz. Extracting by manifest.
2340 silly tarball no local data for glob@https://registry.npmjs.org/glob/-/glob-10.5.0.tgz. Extracting by manifest.
2341 silly tarball no local data for signal-exit@https://registry.npmjs.org/signal-exit/-/signal-exit-4.1.0.tgz. Extracting by manifest.
2342 silly tarball no local data for minimatch@https://registry.npmjs.org/minimatch/-/minimatch-9.0.9.tgz. Extracting by manifest.
2343 silly tarball no local data for semver@https://registry.npmjs.org/semver/-/semver-7.8.5.tgz. Extracting by manifest.
2344 silly tarball no local data for supports-color@https://registry.npmjs.org/supports-color/-/supports-color-8.1.1.tgz. Extracting by manifest.
2345 silly tarball no local data for ansi-styles@https://registry.npmjs.org/ansi-styles/-/ansi-styles-5.2.0.tgz. Extracting by manifest.
2346 silly tarball no local data for camelcase@https://registry.npmjs.org/camelcase/-/camelcase-6.3.0.tgz. Extracting by manifest.
2347 silly tarball no local data for semver@https://registry.npmjs.org/semver/-/semver-7.8.5.tgz. Extracting by manifest.
2348 http fetch POST 200 https://registry.npmjs.org/-/npm/v1/security/advisories/bulk 947ms
2349 silly audit report {}
2350 http fetch GET 200 https://registry.npmjs.org/eastasianwidth/-/eastasianwidth-0.2.0.tgz 1665ms (cache miss)
2351 http fetch GET 200 https://registry.npmjs.org/string-width/-/string-width-4.2.3.tgz 1812ms (cache miss)
2352 http fetch GET 200 https://registry.npmjs.org/y18n/-/y18n-5.0.8.tgz 2128ms (cache miss)
2353 http fetch GET 200 https://registry.npmjs.org/@pkgjs/parseargs/-/parseargs-0.11.0.tgz 2740ms (cache miss)
2354 http fetch GET 200 https://registry.npmjs.org/string-width/-/string-width-4.2.3.tgz 3117ms (cache miss)
2355 http fetch GET 200 https://registry.npmjs.org/require-directory/-/require-directory-2.1.1.tgz 3433ms (cache miss)
2356 http fetch GET 200 https://registry.npmjs.org/package-json-from-dist/-/package-json-from-dist-1.0.1.tgz 3548ms (cache miss)
2357 http fetch GET 200 https://registry.npmjs.org/strip-ansi/-/strip-ansi-6.0.1.tgz 3550ms (cache miss)
2358 http fetch GET 200 https://registry.npmjs.org/cliui/-/cliui-8.0.1.tgz 4549ms (cache miss)
2359 http fetch GET 200 https://registry.npmjs.org/isexe/-/isexe-2.0.0.tgz 4859ms (cache miss)
2360 http fetch GET 200 https://registry.npmjs.org/get-caller-file/-/get-caller-file-2.0.5.tgz 5673ms (cache miss)
2361 http fetch GET 200 https://registry.npmjs.org/@isaacs/cliui/-/cliui-8.0.2.tgz 5697ms (cache miss)
2362 http fetch GET 200 https://registry.npmjs.org/imurmurhash/-/imurmurhash-0.1.4.tgz 5849ms (cache miss)
2363 http fetch GET 200 https://registry.npmjs.org/@tybys/wasm-util/-/wasm-util-0.10.3.tgz 6523ms (cache miss)
2364 http fetch GET 200 https://registry.npmjs.org/tslib/-/tslib-2.8.1.tgz 6672ms (cache miss)
2365 http fetch GET 200 https://registry.npmjs.org/@emnapi/wasi-threads/-/wasi-threads-1.2.1.tgz 7374ms (cache miss)
2366 http fetch GET 200 https://registry.npmjs.org/napi-postinstall/-/napi-postinstall-0.3.4.tgz 8204ms (cache miss)
2367 http fetch GET 200 https://registry.npmjs.org/escalade/-/escalade-3.2.0.tgz 8766ms (cache miss)
2368 http fetch GET 200 https://registry.npmjs.org/@pkgr/core/-/core-0.3.6.tgz 8830ms (cache miss)
2369 http fetch GET 200 https://registry.npmjs.org/@emnapi/runtime/-/runtime-1.10.0.tgz 9193ms (cache miss)
2370 http fetch GET 200 https://registry.npmjs.org/has-flag/-/has-flag-4.0.0.tgz 9604ms (cache miss)
2371 http fetch GET 200 https://registry.npmjs.org/strip-ansi/-/strip-ansi-6.0.1.tgz 9652ms (cache miss)
2372 http fetch GET 200 https://registry.npmjs.org/ansi-regex/-/ansi-regex-5.0.1.tgz 9788ms (cache miss)
2373 http fetch GET 200 https://registry.npmjs.org/char-regex/-/char-regex-1.0.2.tgz 10235ms (cache miss)
2374 http fetch GET 200 https://registry.npmjs.org/@unrs/resolver-binding-win32-x64-msvc/-/resolver-binding-win32-x64-msvc-1.12.2.tgz 10802ms (cache miss)
2375 http fetch GET 200 https://registry.npmjs.org/@emnapi/core/-/core-1.10.0.tgz 10870ms (cache miss)
2376 http fetch GET 200 https://registry.npmjs.org/react-is/-/react-is-19.2.8.tgz 10893ms (cache miss)
2377 http fetch GET 200 https://registry.npmjs.org/@napi-rs/wasm-runtime/-/wasm-runtime-1.2.3.tgz 11004ms (cache miss)
2378 http fetch GET 200 https://registry.npmjs.org/react-is/-/react-is-18.3.1.tgz 11036ms (cache miss)
2379 http fetch GET 200 https://registry.npmjs.org/jackspeak/-/jackspeak-3.4.3.tgz 11074ms (cache miss)
2380 http fetch GET 200 https://registry.npmjs.org/shebang-regex/-/shebang-regex-3.0.0.tgz 11063ms (cache miss)
2381 http fetch GET 200 https://registry.npmjs.org/is-arrayish/-/is-arrayish-0.2.1.tgz 11214ms (cache miss)
2382 http fetch GET 200 https://registry.npmjs.org/json-parse-even-better-errors/-/json-parse-even-better-errors-2.3.1.tgz 11458ms (cache miss)
2383 http fetch GET 200 https://registry.npmjs.org/error-ex/-/error-ex-1.3.4.tgz 11520ms (cache miss)
2384 http fetch GET 200 https://registry.npmjs.org/yocto-queue/-/yocto-queue-0.1.0.tgz 11527ms (cache miss)
2385 http fetch GET 200 https://registry.npmjs.org/balanced-match/-/balanced-match-4.0.4.tgz 11623ms (cache miss)
2386 http fetch GET 200 https://registry.npmjs.org/brace-expansion/-/brace-expansion-5.0.9.tgz 11628ms (cache miss)
2387 http fetch GET 200 https://registry.npmjs.org/mimic-fn/-/mimic-fn-2.1.0.tgz 11627ms (cache miss)
2388 http fetch GET 200 https://registry.npmjs.org/wrap-ansi/-/wrap-ansi-7.0.0.tgz 11665ms (cache miss)
2389 http fetch GET 200 https://registry.npmjs.org/yallist/-/yallist-3.1.1.tgz 11682ms (cache miss)
2390 http fetch GET 200 https://registry.npmjs.org/p-locate/-/p-locate-4.1.0.tgz 11687ms (cache miss)
2391 http fetch GET 200 https://registry.npmjs.org/sprintf-js/-/sprintf-js-1.0.3.tgz 11754ms (cache miss)
2392 http fetch GET 200 https://registry.npmjs.org/escape-string-regexp/-/escape-string-regexp-2.0.0.tgz 11816ms (cache miss)
2393 http fetch GET 200 https://registry.npmjs.org/lines-and-columns/-/lines-and-columns-1.2.4.tgz 11820ms (cache miss)
2394 http fetch GET 200 https://registry.npmjs.org/natural-compare/-/natural-compare-1.4.0.tgz 11829ms (cache miss)
2395 http fetch GET 200 https://registry.npmjs.org/esprima/-/esprima-4.0.1.tgz 11866ms (cache miss)
2396 http fetch GET 200 https://registry.npmjs.org/argparse/-/argparse-1.0.10.tgz 11870ms (cache miss)
2397 http fetch GET 200 https://registry.npmjs.org/@ungap/structured-clone/-/structured-clone-1.4.0.tgz 11920ms (cache miss)
2398 http fetch GET 200 https://registry.npmjs.org/wrap-ansi/-/wrap-ansi-7.0.0.tgz 11961ms (cache miss)
2399 http fetch GET 200 https://registry.npmjs.org/leven/-/leven-3.1.0.tgz 12093ms (cache miss)
2400 http fetch GET 200 https://registry.npmjs.org/emoji-regex/-/emoji-regex-8.0.0.tgz 12182ms (cache miss)
2401 http fetch GET 200 https://registry.npmjs.org/foreground-child/-/foreground-child-3.3.1.tgz 12229ms (cache miss)
2402 http fetch GET 200 https://registry.npmjs.org/@babel/plugin-syntax-jsx/-/plugin-syntax-jsx-7.29.7.tgz 12232ms (cache miss)
2403 http fetch GET 200 https://registry.npmjs.org/synckit/-/synckit-0.11.13.tgz 12253ms (cache miss)
2404 http fetch GET 200 https://registry.npmjs.org/@jest/globals/-/globals-30.5.1.tgz 12254ms (cache miss)
2405 http fetch GET 200 https://registry.npmjs.org/@babel/plugin-syntax-typescript/-/plugin-syntax-typescript-7.29.7.tgz 12269ms (cache miss)
2406 http fetch GET 200 https://registry.npmjs.org/strip-bom/-/strip-bom-4.0.0.tgz 12295ms (cache miss)
2407 http fetch GET 200 https://registry.npmjs.org/@jest/snapshot-utils/-/snapshot-utils-30.5.1.tgz 12410ms (cache miss)
2408 http fetch GET 200 https://registry.npmjs.org/callsites/-/callsites-3.1.0.tgz 12426ms (cache miss)
2409 http fetch GET 200 https://registry.npmjs.org/@types/stack-utils/-/stack-utils-2.0.3.tgz 12499ms (cache miss)
2410 http fetch GET 200 https://registry.npmjs.org/cjs-module-lexer/-/cjs-module-lexer-2.2.1.tgz 12664ms (cache miss)
2411 http fetch GET 200 https://registry.npmjs.org/is-fullwidth-code-point/-/is-fullwidth-code-point-3.0.0.tgz 12803ms (cache miss)
2412 http fetch GET 200 https://registry.npmjs.org/@jest/source-map/-/source-map-30.5.0.tgz 12866ms (cache miss)
2413 http fetch GET 200 https://registry.npmjs.org/es-module-lexer/-/es-module-lexer-2.3.2.tgz 13227ms (cache miss)
2414 http fetch GET 200 https://registry.npmjs.org/yargs-parser/-/yargs-parser-21.1.1.tgz 13727ms (cache miss)
2415 http fetch GET 200 https://registry.npmjs.org/jest-leak-detector/-/jest-leak-detector-30.5.1.tgz 14042ms (cache miss)
2416 http fetch GET 200 https://registry.npmjs.org/is-extglob/-/is-extglob-2.1.1.tgz 14040ms (cache miss)
2417 http fetch GET 200 https://registry.npmjs.org/p-try/-/p-try-2.2.0.tgz 14111ms (cache miss)
2418 http fetch GET 200 https://registry.npmjs.org/@jest/diff-sequences/-/diff-sequences-30.5.0.tgz 14081ms (cache miss)
2419 http fetch GET 200 https://registry.npmjs.org/is-glob/-/is-glob-4.0.3.tgz 14268ms (cache miss)
2420 http fetch GET 200 https://registry.npmjs.org/normalize-path/-/normalize-path-3.0.0.tgz 14410ms (cache miss)
2421 http fetch GET 200 https://registry.npmjs.org/detect-libc/-/detect-libc-2.1.2.tgz 14417ms (cache miss)
2422 http fetch GET 200 https://registry.npmjs.org/bser/-/bser-2.1.1.tgz 14814ms (cache miss)
2423 http fetch GET 200 https://registry.npmjs.org/fdir/-/fdir-6.5.0.tgz 15247ms (cache miss)
2424 http fetch GET 200 https://registry.npmjs.org/emittery/-/emittery-0.13.1.tgz 15491ms (cache miss)
2425 http fetch GET 200 https://registry.npmjs.org/unrs-resolver/-/unrs-resolver-1.12.2.tgz 15918ms (cache miss)
2426 http fetch GET 200 https://registry.npmjs.org/@jest/expect-utils/-/expect-utils-30.5.1.tgz 16101ms (cache miss)
2427 http fetch GET 200 https://registry.npmjs.org/@sinonjs/commons/-/commons-3.0.1.tgz 16168ms (cache miss)
2428 http fetch GET 200 https://registry.npmjs.org/anymatch/-/anymatch-3.1.3.tgz 16262ms (cache miss)
2429 http fetch GET 200 https://registry.npmjs.org/fb-watchman/-/fb-watchman-2.0.2.tgz 16279ms (cache miss)
2430 http fetch GET 200 https://registry.npmjs.org/node-addon-api/-/node-addon-api-7.1.1.tgz 16327ms (cache miss)
2431 http fetch GET 200 https://registry.npmjs.org/detect-newline/-/detect-newline-3.1.0.tgz 16377ms (cache miss)
2432 http fetch GET 200 https://registry.npmjs.org/type-detect/-/type-detect-4.0.8.tgz 16709ms (cache miss)
2433 http fetch GET 200 https://registry.npmjs.org/@jest/fake-timers/-/fake-timers-30.5.1.tgz 16895ms (cache miss)
2434 http fetch GET 200 https://registry.npmjs.org/@parcel/watcher/-/watcher-2.6.0.tgz 17112ms (cache miss)
2435 http fetch GET 200 https://registry.npmjs.org/@sinonjs/fake-timers/-/fake-timers-15.4.0.tgz 17146ms (cache miss)
2436 http fetch GET 200 https://registry.npmjs.org/picomatch/-/picomatch-4.0.7.tgz 17299ms (cache miss)
2437 http fetch GET 200 https://registry.npmjs.org/expect/-/expect-30.5.1.tgz 17312ms (cache miss)
2438 http fetch GET 200 https://registry.npmjs.org/jest-mock/-/jest-mock-30.5.1.tgz 17473ms (cache miss)
2439 http fetch GET 200 https://registry.npmjs.org/jest-each/-/jest-each-30.5.1.tgz 17560ms (cache miss)
2440 http fetch GET 200 https://registry.npmjs.org/jest-matcher-utils/-/jest-matcher-utils-30.5.1.tgz 17882ms (cache miss)
2441 http fetch GET 200 https://registry.npmjs.org/@jest/environment/-/environment-30.5.1.tgz 17944ms (cache miss)
2442 http fetch GET 200 https://registry.npmjs.org/@jest/expect/-/expect-30.5.1.tgz 17957ms (cache miss)
2443 http fetch GET 200 https://registry.npmjs.org/@babel/plugin-syntax-optional-chaining/-/plugin-syntax-optional-chaining-7.8.3.tgz 18419ms (cache miss)
2444 http fetch GET 200 https://registry.npmjs.org/pure-rand/-/pure-rand-7.0.1.tgz 18427ms (cache miss)
2445 http fetch GET 200 https://registry.npmjs.org/@babel/plugin-syntax-optional-catch-binding/-/plugin-syntax-optional-catch-binding-7.8.3.tgz 18544ms (cache miss)
2446 http fetch GET 200 https://registry.npmjs.org/stack-utils/-/stack-utils-2.0.6.tgz 18604ms (cache miss)
2447 http fetch GET 200 https://registry.npmjs.org/@babel/plugin-syntax-numeric-separator/-/plugin-syntax-numeric-separator-7.10.4.tgz 18769ms (cache miss)
2448 http fetch GET 200 https://registry.npmjs.org/@babel/plugin-syntax-top-level-await/-/plugin-syntax-top-level-await-7.14.5.tgz 18883ms (cache miss)
2449 http fetch GET 200 https://registry.npmjs.org/@babel/plugin-syntax-private-property-in-object/-/plugin-syntax-private-property-in-object-7.14.5.tgz 18973ms (cache miss)
2450 http fetch GET 200 https://registry.npmjs.org/@babel/plugin-syntax-nullish-coalescing-operator/-/plugin-syntax-nullish-coalescing-operator-7.8.3.tgz 19139ms (cache miss)
2451 http fetch GET 200 https://registry.npmjs.org/jest-diff/-/jest-diff-30.5.1.tgz 19260ms (cache miss)
2452 http fetch GET 200 https://registry.npmjs.org/@babel/plugin-syntax-import-meta/-/plugin-syntax-import-meta-7.10.4.tgz 19620ms (cache miss)
2453 http fetch GET 200 https://registry.npmjs.org/@babel/plugin-syntax-logical-assignment-operators/-/plugin-syntax-logical-assignment-operators-7.10.4.tgz 20041ms (cache miss)
2454 http fetch GET 200 https://registry.npmjs.org/@babel/plugin-syntax-import-attributes/-/plugin-syntax-import-attributes-7.29.7.tgz 20045ms (cache miss)
2455 http fetch GET 200 https://registry.npmjs.org/@babel/plugin-syntax-async-generators/-/plugin-syntax-async-generators-7.8.4.tgz 20137ms (cache miss)
2456 http fetch GET 200 https://registry.npmjs.org/@babel/plugin-syntax-json-strings/-/plugin-syntax-json-strings-7.8.3.tgz 20315ms (cache miss)
2457 http fetch GET 200 https://registry.npmjs.org/@babel/plugin-syntax-bigint/-/plugin-syntax-bigint-7.8.3.tgz 20428ms (cache miss)
2458 http fetch GET 200 https://registry.npmjs.org/node-int64/-/node-int64-0.4.0.tgz 20653ms (cache miss)
2459 http fetch GET 200 https://registry.npmjs.org/@babel/plugin-syntax-class-static-block/-/plugin-syntax-class-static-block-7.14.5.tgz 20723ms (cache miss)
2460 http fetch GET 200 https://registry.npmjs.org/@babel/plugin-syntax-class-properties/-/plugin-syntax-class-properties-7.12.13.tgz 21054ms (cache miss)
2461 http fetch GET 200 https://registry.npmjs.org/co/-/co-4.6.0.tgz 21242ms (cache miss)
2462 http fetch GET 200 https://registry.npmjs.org/dedent/-/dedent-1.7.2.tgz 21435ms (cache miss)
2463 http fetch GET 200 https://registry.npmjs.org/babel-preset-current-node-syntax/-/babel-preset-current-node-syntax-1.2.0.tgz 21507ms (cache miss)
2464 http fetch GET 200 https://registry.npmjs.org/babel-preset-jest/-/babel-preset-jest-30.5.0.tgz 21606ms (cache miss)
2465 http fetch GET 200 https://registry.npmjs.org/@types/babel__template/-/babel__template-7.4.4.tgz 22009ms (cache miss)
2466 http fetch GET 200 https://registry.npmjs.org/strip-json-comments/-/strip-json-comments-3.1.1.tgz 22007ms (cache miss)
2467 http fetch GET 200 https://registry.npmjs.org/@babel/plugin-syntax-object-rest-spread/-/plugin-syntax-object-rest-spread-7.8.3.tgz 22161ms (cache miss)
2468 http fetch GET 200 https://registry.npmjs.org/parse-json/-/parse-json-5.2.0.tgz 22147ms (cache miss)
2469 http fetch GET 200 https://registry.npmjs.org/jest-docblock/-/jest-docblock-30.5.0.tgz 22343ms (cache miss)
2470 http fetch GET 200 https://registry.npmjs.org/is-generator-fn/-/is-generator-fn-2.1.0.tgz 22377ms (cache miss)
2471 http fetch GET 200 https://registry.npmjs.org/@types/babel__traverse/-/babel__traverse-7.28.0.tgz 22549ms (cache miss)
2472 http fetch GET 200 https://registry.npmjs.org/@types/babel__generator/-/babel__generator-7.27.0.tgz 22582ms (cache miss)
2473 http fetch GET 200 https://registry.npmjs.org/@types/babel__core/-/babel__core-7.20.5.tgz 22785ms (cache miss)
2474 http fetch GET 200 https://registry.npmjs.org/deepmerge/-/deepmerge-4.3.1.tgz 23198ms (cache miss)
2475 http fetch GET 200 https://registry.npmjs.org/@jest/get-type/-/get-type-30.5.0.tgz 23376ms (cache miss)
2476 http fetch GET 200 https://registry.npmjs.org/babel-plugin-jest-hoist/-/babel-plugin-jest-hoist-30.5.0.tgz 23432ms (cache miss)
2477 http fetch GET 200 https://registry.npmjs.org/babel-jest/-/babel-jest-30.5.1.tgz 23640ms (cache miss)
2478 http fetch GET 200 https://registry.npmjs.org/which/-/which-2.0.2.tgz 23646ms (cache miss)
2479 http fetch GET 200 https://registry.npmjs.org/shebang-command/-/shebang-command-2.0.0.tgz 23831ms (cache miss)
2480 http fetch GET 200 https://registry.npmjs.org/jest-environment-node/-/jest-environment-node-30.5.1.tgz 23847ms (cache miss)
2481 http fetch GET 200 https://registry.npmjs.org/path-key/-/path-key-3.1.1.tgz 24039ms (cache miss)
2482 http fetch GET 200 https://registry.npmjs.org/strip-final-newline/-/strip-final-newline-2.0.0.tgz 24236ms (cache miss)
2483 http fetch GET 200 https://registry.npmjs.org/npm-run-path/-/npm-run-path-4.0.1.tgz 24569ms (cache miss)
2484 http fetch GET 200 https://registry.npmjs.org/jest-circus/-/jest-circus-30.5.1.tgz 24674ms (cache miss)
2485 http fetch GET 200 https://registry.npmjs.org/is-stream/-/is-stream-2.0.1.tgz 24856ms (cache miss)
2486 http fetch GET 200 https://registry.npmjs.org/onetime/-/onetime-5.1.2.tgz 25077ms (cache miss)
2487 http fetch GET 200 https://registry.npmjs.org/get-stream/-/get-stream-6.0.1.tgz 25077ms (cache miss)
2488 http fetch GET 200 https://registry.npmjs.org/merge-stream/-/merge-stream-2.0.0.tgz 25159ms (cache miss)
2489 http fetch GET 200 https://registry.npmjs.org/human-signals/-/human-signals-2.1.0.tgz 25197ms (cache miss)
2490 http fetch GET 200 https://registry.npmjs.org/@jest/test-sequencer/-/test-sequencer-30.5.1.tgz 25468ms (cache miss)
2491 http fetch GET 200 https://registry.npmjs.org/yargs/-/yargs-17.7.3.tgz 25684ms (cache miss)
2492 http fetch GET 200 https://registry.npmjs.org/resolve-cwd/-/resolve-cwd-3.0.0.tgz 25884ms (cache miss)
2493 http fetch GET 200 https://registry.npmjs.org/make-dir/-/make-dir-4.0.0.tgz 25942ms (cache miss)
2494 http fetch GET 200 https://registry.npmjs.org/p-limit/-/p-limit-3.1.0.tgz 26072ms (cache miss)
2495 http fetch GET 200 https://registry.npmjs.org/html-escaper/-/html-escaper-2.0.2.tgz 26271ms (cache miss)
2496 http fetch GET 200 https://registry.npmjs.org/signal-exit/-/signal-exit-3.0.7.tgz 26514ms (cache miss)
2497 http fetch GET 200 https://registry.npmjs.org/execa/-/execa-5.1.1.tgz 26902ms (cache miss)
2498 http fetch GET 200 https://registry.npmjs.org/path-scurry/-/path-scurry-2.0.2.tgz 26912ms (cache miss)
2499 http fetch GET 200 https://registry.npmjs.org/pkg-dir/-/pkg-dir-4.2.0.tgz 27094ms (cache miss)
2500 http fetch GET 200 https://registry.npmjs.org/color-name/-/color-name-1.1.4.tgz 27312ms (cache miss)
2501 http fetch GET 200 https://registry.npmjs.org/ms/-/ms-2.1.3.tgz 27313ms (cache miss)
2502 http fetch GET 200 https://registry.npmjs.org/ansi-styles/-/ansi-styles-4.3.0.tgz 27537ms (cache miss)
2503 http fetch GET 200 https://registry.npmjs.org/path-exists/-/path-exists-4.0.0.tgz 27549ms (cache miss)
2504 http fetch GET 200 https://registry.npmjs.org/cross-spawn/-/cross-spawn-7.0.6.tgz 27575ms (cache miss)
2505 http fetch GET 200 https://registry.npmjs.org/update-browserslist-db/-/update-browserslist-db-1.3.2.tgz 27564ms (cache miss)
2506 http fetch GET 200 https://registry.npmjs.org/minipass/-/minipass-7.1.3.tgz 27581ms (cache miss)
2507 http fetch GET 200 https://registry.npmjs.org/locate-path/-/locate-path-5.0.0.tgz 27724ms (cache miss)
2508 http fetch GET 200 https://registry.npmjs.org/minimatch/-/minimatch-10.2.6.tgz 27809ms (cache miss)
2509 http fetch GET 200 https://registry.npmjs.org/node-releases/-/node-releases-2.0.54.tgz 27906ms (cache miss)
2510 http fetch GET 200 https://registry.npmjs.org/supports-color/-/supports-color-7.2.0.tgz 28216ms (cache miss)
2511 http fetch GET 200 https://registry.npmjs.org/resolve-from/-/resolve-from-5.0.0.tgz 28518ms (cache miss)
2512 http fetch GET 200 https://registry.npmjs.org/color-convert/-/color-convert-2.0.1.tgz 28772ms (cache miss)
2513 http fetch GET 200 https://registry.npmjs.org/get-package-type/-/get-package-type-0.1.0.tgz 28983ms (cache miss)
2514 http fetch GET 200 https://registry.npmjs.org/camelcase/-/camelcase-5.3.1.tgz 28994ms (cache miss)
2515 http fetch GET 200 https://registry.npmjs.org/find-up/-/find-up-4.1.0.tgz 29076ms (cache miss)
2516 http fetch GET 200 https://registry.npmjs.org/baseline-browser-mapping/-/baseline-browser-mapping-2.11.20.tgz 29165ms (cache miss)
2517 http fetch GET 200 https://registry.npmjs.org/js-yaml/-/js-yaml-3.15.2.tgz 29221ms (cache miss)
2518 http fetch GET 200 https://registry.npmjs.org/@istanbuljs/schema/-/schema-0.1.6.tgz 29270ms (cache miss)
2519 http fetch GET 200 https://registry.npmjs.org/test-exclude/-/test-exclude-7.0.2.tgz 29412ms (cache miss)
2520 http fetch GET 200 https://registry.npmjs.org/@types/yargs-parser/-/yargs-parser-21.0.3.tgz 29584ms (cache miss)
2521 http fetch GET 200 https://registry.npmjs.org/@types/istanbul-lib-report/-/istanbul-lib-report-3.0.3.tgz 29966ms (cache miss)
2522 http fetch GET 200 https://registry.npmjs.org/@types/istanbul-reports/-/istanbul-reports-3.0.4.tgz 29968ms (cache miss)
2523 http fetch GET 200 https://registry.npmjs.org/electron-to-chromium/-/electron-to-chromium-1.5.420.tgz 29989ms (cache miss)
2524 http fetch GET 200 https://registry.npmjs.org/@types/yargs/-/yargs-17.0.35.tgz 29991ms (cache miss)
2525 http fetch GET 200 https://registry.npmjs.org/@jridgewell/resolve-uri/-/resolve-uri-3.1.2.tgz 30388ms (cache miss)
2526 http fetch GET 200 https://registry.npmjs.org/@babel/helper-plugin-utils/-/helper-plugin-utils-7.29.7.tgz 30396ms (cache miss)
2527 http fetch GET 200 https://registry.npmjs.org/@babel/helper-globals/-/helper-globals-7.29.7.tgz 30400ms (cache miss)
2528 http fetch GET 200 https://registry.npmjs.org/@jest/schemas/-/schemas-30.5.0.tgz 30466ms (cache miss)
2529 http fetch GET 200 https://registry.npmjs.org/type-fest/-/type-fest-0.21.3.tgz 30502ms (cache miss)
2530 http fetch GET 200 https://registry.npmjs.org/@jridgewell/sourcemap-codec/-/sourcemap-codec-1.6.0.tgz 30524ms (cache miss)
2531 http fetch GET 200 https://registry.npmjs.org/lru-cache/-/lru-cache-5.1.1.tgz 30963ms (cache miss)
2532 http fetch GET 200 https://registry.npmjs.org/picocolors/-/picocolors-1.1.1.tgz 30961ms (cache miss)
2533 http fetch GET 200 https://registry.npmjs.org/jsesc/-/jsesc-3.1.0.tgz 31036ms (cache miss)
2534 http fetch GET 200 https://registry.npmjs.org/@parcel/watcher-win32-x64/-/watcher-win32-x64-2.6.0.tgz 31130ms (cache miss)
2535 http fetch GET 200 https://registry.npmjs.org/@istanbuljs/load-nyc-config/-/load-nyc-config-1.1.0.tgz 31058ms (cache miss)
2536 http fetch GET 200 https://registry.npmjs.org/js-tokens/-/js-tokens-4.0.0.tgz 31062ms (cache miss)
2537 http fetch GET 200 https://registry.npmjs.org/@babel/helper-validator-option/-/helper-validator-option-7.29.7.tgz 31131ms (cache miss)
2538 http fetch GET 200 https://registry.npmjs.org/@babel/helper-string-parser/-/helper-string-parser-7.29.7.tgz 31148ms (cache miss)
2539 http fetch GET 200 https://registry.npmjs.org/@babel/compat-data/-/compat-data-7.29.7.tgz 31183ms (cache miss)
2540 http fetch GET 200 https://registry.npmjs.org/undici-types/-/undici-types-8.3.0.tgz 31227ms (cache miss)
2541 http fetch GET 200 https://registry.npmjs.org/@jridgewell/remapping/-/remapping-2.3.5.tgz 31268ms (cache miss)
2542 http fetch GET 200 https://registry.npmjs.org/semver/-/semver-6.3.1.tgz 31443ms (cache miss)
2543 http fetch GET 200 https://registry.npmjs.org/gensync/-/gensync-1.0.0-beta.2.tgz 31546ms (cache miss)
2544 http fetch GET 200 https://registry.npmjs.org/debug/-/debug-4.4.3.tgz 31584ms (cache miss)
2545 http fetch GET 200 https://registry.npmjs.org/@babel/helper-validator-identifier/-/helper-validator-identifier-7.29.7.tgz 31604ms (cache miss)
2546 http fetch GET 200 https://registry.npmjs.org/@babel/template/-/template-7.29.7.tgz 31626ms (cache miss)
2547 http fetch GET 200 https://registry.npmjs.org/@jridgewell/gen-mapping/-/gen-mapping-0.3.13.tgz 31755ms (cache miss)
2548 http fetch GET 200 https://registry.npmjs.org/write-file-atomic/-/write-file-atomic-5.0.1.tgz 32253ms (cache miss)
2549 http fetch GET 200 https://registry.npmjs.org/@babel/code-frame/-/code-frame-7.29.7.tgz 32280ms (cache miss)
2550 http fetch GET 200 https://registry.npmjs.org/pirates/-/pirates-4.0.7.tgz 32498ms (cache miss)
2551 http fetch GET 200 https://registry.npmjs.org/@babel/helper-module-transforms/-/helper-module-transforms-7.29.7.tgz 32598ms (cache miss)
2552 http fetch GET 200 https://registry.npmjs.org/convert-source-map/-/convert-source-map-2.0.0.tgz 32665ms (cache miss)
2553 http fetch GET 200 https://registry.npmjs.org/@babel/traverse/-/traverse-7.29.8.tgz 32701ms (cache miss)
2554 http fetch GET 200 https://registry.npmjs.org/@types/istanbul-lib-coverage/-/istanbul-lib-coverage-2.0.6.tgz 32845ms (cache miss)
2555 http fetch GET 200 https://registry.npmjs.org/babel-plugin-istanbul/-/babel-plugin-istanbul-8.0.0.tgz 32847ms (cache miss)
2556 http fetch GET 200 https://registry.npmjs.org/caniuse-lite/-/caniuse-lite-1.0.30001810.tgz 32924ms (cache miss)
2557 http fetch GET 200 https://registry.npmjs.org/@babel/helper-compilation-targets/-/helper-compilation-targets-7.29.7.tgz 33047ms (cache miss)
2558 http fetch GET 200 https://registry.npmjs.org/@babel/helper-module-imports/-/helper-module-imports-7.29.7.tgz 33218ms (cache miss)
2559 http fetch GET 200 https://registry.npmjs.org/v8-to-istanbul/-/v8-to-istanbul-9.3.0.tgz 33261ms (cache miss)
2560 http fetch GET 200 https://registry.npmjs.org/string-length/-/string-length-4.0.2.tgz 33651ms (cache miss)
2561 http fetch GET 200 https://registry.npmjs.org/@babel/parser/-/parser-7.29.8.tgz 33657ms (cache miss)
2562 http fetch GET 200 https://registry.npmjs.org/istanbul-lib-instrument/-/istanbul-lib-instrument-6.0.3.tgz 33720ms (cache miss)
2563 http fetch GET 200 https://registry.npmjs.org/browserslist/-/browserslist-4.28.8.tgz 33831ms (cache miss)
2564 http fetch GET 200 https://registry.npmjs.org/istanbul-lib-source-maps/-/istanbul-lib-source-maps-5.0.6.tgz 33828ms (cache miss)
2565 http fetch GET 200 https://registry.npmjs.org/istanbul-reports/-/istanbul-reports-3.2.0.tgz 33904ms (cache miss)
2566 http fetch GET 200 https://registry.npmjs.org/json5/-/json5-2.2.3.tgz 34113ms (cache miss)
2567 http fetch GET 200 https://registry.npmjs.org/jest-worker/-/jest-worker-30.5.1.tgz 34114ms (cache miss)
2568 http fetch GET 200 https://registry.npmjs.org/istanbul-lib-report/-/istanbul-lib-report-3.0.1.tgz 34265ms (cache miss)
2569 http fetch GET 200 https://registry.npmjs.org/istanbul-lib-coverage/-/istanbul-lib-coverage-3.2.2.tgz 34561ms (cache miss)
2570 http fetch GET 200 https://registry.npmjs.org/collect-v8-coverage/-/collect-v8-coverage-1.0.3.tgz 34588ms (cache miss)
2571 http fetch GET 200 https://registry.npmjs.org/@jridgewell/trace-mapping/-/trace-mapping-0.3.31.tgz 34795ms (cache miss)
2572 http fetch GET 200 https://registry.npmjs.org/@babel/generator/-/generator-7.29.8.tgz 35314ms (cache miss)
2573 http fetch GET 200 https://registry.npmjs.org/@bcoe/v8-coverage/-/v8-coverage-0.2.3.tgz 35507ms (cache miss)
2574 http fetch GET 200 https://registry.npmjs.org/slash/-/slash-3.0.0.tgz 36303ms (cache miss)
2575 http fetch GET 200 https://registry.npmjs.org/@babel/helpers/-/helpers-7.29.7.tgz 36400ms (cache miss)
2576 http fetch GET 200 https://registry.npmjs.org/glob/-/glob-13.0.6.tgz 36668ms (cache miss)
2577 http fetch GET 200 https://registry.npmjs.org/pretty-format/-/pretty-format-30.5.1.tgz 36892ms (cache miss)
2578 http fetch GET 200 https://registry.npmjs.org/jest-regex-util/-/jest-regex-util-30.5.0.tgz 37070ms (cache miss)
2579 http fetch GET 200 https://registry.npmjs.org/jest-resolve/-/jest-resolve-30.5.1.tgz 37095ms (cache miss)
2580 http fetch GET 200 https://registry.npmjs.org/@sinclair/typebox/-/typebox-0.34.52.tgz 37427ms (cache miss)
2581 http fetch GET 200 https://registry.npmjs.org/@babel/types/-/types-7.29.8.tgz 37526ms (cache miss)
2582 http fetch GET 200 https://registry.npmjs.org/jest-validate/-/jest-validate-30.5.1.tgz 37833ms (cache miss)
2583 http fetch GET 200 https://registry.npmjs.org/jest-message-util/-/jest-message-util-30.5.1.tgz 37959ms (cache miss)
2584 http fetch GET 200 https://registry.npmjs.org/jest-snapshot/-/jest-snapshot-30.5.1.tgz 38258ms (cache miss)
2585 http fetch GET 200 https://registry.npmjs.org/jest-haste-map/-/jest-haste-map-30.5.1.tgz 38398ms (cache miss)
2586 http fetch GET 200 https://registry.npmjs.org/ci-info/-/ci-info-4.4.0.tgz 38551ms (cache miss)
2587 http fetch GET 200 https://registry.npmjs.org/exit-x/-/exit-x-0.2.2.tgz 38605ms (cache miss)
2588 http fetch GET 200 https://registry.npmjs.org/graceful-fs/-/graceful-fs-4.2.11.tgz 38685ms (cache miss)
2589 http fetch GET 200 https://registry.npmjs.org/jest-runner/-/jest-runner-30.5.1.tgz 38872ms (cache miss)
2590 http fetch GET 200 https://registry.npmjs.org/@babel/core/-/core-7.29.7.tgz 39312ms (cache miss)
2591 http fetch GET 200 https://registry.npmjs.org/jest-runtime/-/jest-runtime-30.5.1.tgz 40138ms (cache miss)
2592 http fetch GET 200 https://registry.npmjs.org/@jest/test-result/-/test-result-30.5.1.tgz 40170ms (cache miss)
2593 http fetch GET 200 https://registry.npmjs.org/jest-util/-/jest-util-30.5.1.tgz 40213ms (cache miss)
2594 http fetch GET 200 https://registry.npmjs.org/@jest/transform/-/transform-30.5.1.tgz 40484ms (cache miss)
2595 http fetch GET 200 https://registry.npmjs.org/ansi-escapes/-/ansi-escapes-4.3.2.tgz 40487ms (cache miss)
2596 http fetch GET 200 https://registry.npmjs.org/fast-json-stable-stringify/-/fast-json-stable-stringify-2.1.0.tgz 40716ms (cache miss)
2597 http fetch GET 200 https://registry.npmjs.org/@jest/reporters/-/reporters-30.5.1.tgz 41548ms (cache miss)
2598 http fetch GET 200 https://registry.npmjs.org/jest-config/-/jest-config-30.5.1.tgz 42219ms (cache miss)
2599 http fetch GET 200 https://registry.npmjs.org/ansi-styles/-/ansi-styles-6.2.3.tgz 42555ms (cache miss)
2600 http fetch GET 200 https://registry.npmjs.org/ansi-regex/-/ansi-regex-6.3.0.tgz 43162ms (cache miss)
2601 http fetch GET 200 https://registry.npmjs.org/import-local/-/import-local-3.2.0.tgz 43328ms (cache miss)
2602 http fetch GET 200 https://registry.npmjs.org/jest-changed-files/-/jest-changed-files-30.5.1.tgz 43335ms (cache miss)
2603 http fetch GET 200 https://registry.npmjs.org/@jest/core/-/core-30.5.1.tgz 43403ms (cache miss)
2604 http fetch GET 200 https://registry.npmjs.org/@jest/console/-/console-30.5.1.tgz 43600ms (cache miss)
2605 http fetch GET 200 https://registry.npmjs.org/jest/-/jest-30.5.1.tgz 43625ms (cache miss)
2606 http fetch GET 200 https://registry.npmjs.org/wrap-ansi/-/wrap-ansi-8.1.0.tgz 43624ms (cache miss)
2607 http fetch GET 200 https://registry.npmjs.org/@jest/types/-/types-30.5.1.tgz 43780ms (cache miss)
2608 http fetch GET 200 https://registry.npmjs.org/@jest/pattern/-/pattern-30.5.0.tgz 43853ms (cache miss)
2609 http fetch GET 200 https://registry.npmjs.org/jest-cli/-/jest-cli-30.5.1.tgz 43856ms (cache miss)
2610 http fetch GET 200 https://registry.npmjs.org/emoji-regex/-/emoji-regex-9.2.2.tgz 44067ms (cache miss)
2611 http fetch GET 200 https://registry.npmjs.org/strip-ansi/-/strip-ansi-7.2.0.tgz 44251ms (cache miss)
2612 http fetch GET 200 https://registry.npmjs.org/string-width/-/string-width-5.1.2.tgz 44451ms (cache miss)
2613 http fetch GET 200 https://registry.npmjs.org/p-limit/-/p-limit-2.3.0.tgz 44457ms (cache miss)
2614 http fetch GET 200 https://registry.npmjs.org/balanced-match/-/balanced-match-1.0.2.tgz 44461ms (cache miss)
2615 http fetch GET 200 https://registry.npmjs.org/picomatch/-/picomatch-2.3.2.tgz 44478ms (cache miss)
2616 http fetch GET 200 https://registry.npmjs.org/signal-exit/-/signal-exit-4.1.0.tgz 44497ms (cache miss)
2617 http fetch GET 200 https://registry.npmjs.org/brace-expansion/-/brace-expansion-2.1.4.tgz 44663ms (cache miss)
2618 http fetch GET 200 https://registry.npmjs.org/path-scurry/-/path-scurry-1.11.1.tgz 44887ms (cache miss)
2619 http fetch GET 200 https://registry.npmjs.org/semver/-/semver-7.8.5.tgz 44895ms (cache miss)
2620 http fetch GET 200 https://registry.npmjs.org/@types/node/-/node-26.4.1.tgz 45547ms (cache miss)
2621 http fetch GET 200 https://registry.npmjs.org/signal-exit/-/signal-exit-4.1.0.tgz 45680ms (cache miss)
2622 http fetch GET 200 https://registry.npmjs.org/supports-color/-/supports-color-8.1.1.tgz 45983ms (cache miss)
2623 http fetch GET 200 https://registry.npmjs.org/jest-watcher/-/jest-watcher-30.5.1.tgz 46026ms (cache miss)
2624 http fetch GET 200 https://registry.npmjs.org/camelcase/-/camelcase-6.3.0.tgz 45987ms (cache miss)
2625 http fetch GET 200 https://registry.npmjs.org/chalk/-/chalk-4.1.2.tgz 46074ms (cache miss)
2626 http fetch GET 200 https://registry.npmjs.org/ansi-styles/-/ansi-styles-5.2.0.tgz 46098ms (cache miss)
2627 http fetch GET 200 https://registry.npmjs.org/jest-resolve-dependencies/-/jest-resolve-dependencies-30.5.1.tgz 46135ms (cache miss)
2628 http fetch GET 200 https://registry.npmjs.org/glob/-/glob-10.5.0.tgz 46134ms (cache miss)
2629 warn deprecated glob@10.5.0: Old versions of glob are not supported, and contain widely publicized security vulnerabilities, which have been fixed in the current version. Please update. Support for old versions may be purchased (at exorbitant rates) by contacting i@izs.me
2630 http fetch GET 200 https://registry.npmjs.org/semver/-/semver-7.8.5.tgz 46327ms (cache miss)
2631 http fetch GET 200 https://registry.npmjs.org/semver/-/semver-7.8.5.tgz 46680ms (cache miss)
2632 http fetch GET 200 https://registry.npmjs.org/minimatch/-/minimatch-9.0.9.tgz 46727ms (cache miss)
2633 http fetch GET 200 https://registry.npmjs.org/lru-cache/-/lru-cache-10.4.3.tgz 50570ms (cache miss)
2634 http fetch GET 200 https://registry.npmjs.org/lru-cache/-/lru-cache-11.5.2.tgz 53055ms (cache miss)
2635 info run @parcel/watcher@2.6.0 install node_modules/@parcel/watcher node scripts/build-from-source.js
2636 info run @parcel/watcher@2.6.0 install { code: 0, signal: null }
2637 info run unrs-resolver@1.12.2 postinstall node_modules/unrs-resolver node postinstall.js
2638 info run unrs-resolver@1.12.2 postinstall { code: 0, signal: null }
2639 silly ADD node_modules/eastasianwidth
2640 silly ADD node_modules/wrap-ansi-cjs
2641 silly ADD node_modules/strip-ansi-cjs
2642 silly ADD node_modules/string-width-cjs
2643 silly ADD node_modules/@pkgjs/parseargs
2644 silly ADD node_modules/@isaacs/cliui
2645 silly ADD node_modules/@isaacs/cliui/node_modules/ansi-styles
2646 silly ADD node_modules/@isaacs/cliui/node_modules/ansi-regex
2647 silly ADD node_modules/@isaacs/cliui/node_modules/emoji-regex
2648 silly ADD node_modules/@isaacs/cliui/node_modules/wrap-ansi
2649 silly ADD node_modules/@isaacs/cliui/node_modules/strip-ansi
2650 silly ADD node_modules/@isaacs/cliui/node_modules/string-width
2651 silly ADD node_modules/package-json-from-dist
2652 silly ADD node_modules/jackspeak
2653 silly ADD node_modules/foreground-child
2654 silly ADD node_modules/foreground-child/node_modules/signal-exit
2655 silly ADD node_modules/p-try
2656 silly ADD node_modules/is-fullwidth-code-point
2657 silly ADD node_modules/emoji-regex
2658 silly ADD node_modules/wrap-ansi
2659 silly ADD node_modules/yargs-parser
2660 silly ADD node_modules/y18n
2661 silly ADD node_modules/string-width
2662 silly ADD node_modules/require-directory
2663 silly ADD node_modules/get-caller-file
2664 silly ADD node_modules/cliui
2665 silly ADD node_modules/imurmurhash
2666 silly ADD node_modules/isexe
2667 silly ADD node_modules/escalade
2668 silly ADD
2669 silly ADD
2670 silly ADD
2671 silly ADD
2672 silly ADD
2673 silly ADD
2674 silly ADD node_modules/napi-postinstall
2675 silly ADD node_modules/@unrs/resolver-binding-win32-x64-msvc
2676 silly ADD
2677 silly ADD
2678 silly ADD
2679 silly ADD
2680 silly ADD
2681 silly ADD
2682 silly ADD
2683 silly ADD
2684 silly ADD
2685 silly ADD
2686 silly ADD
2687 silly ADD
2688 silly ADD
2689 silly ADD
2690 silly ADD
2691 silly ADD
2692 silly ADD
2693 silly ADD
2694 silly ADD
2695 silly ADD
2696 silly ADD
2697 silly ADD node_modules/@pkgr/core
2698 silly ADD node_modules/has-flag
2699 silly ADD node_modules/ansi-regex
2700 silly ADD node_modules/strip-ansi
2701 silly ADD node_modules/char-regex
2702 silly ADD node_modules/escape-string-regexp
2703 silly ADD node_modules/shebang-regex
2704 silly ADD node_modules/@jest/react-is-19
2705 silly ADD node_modules/@jest/react-is-18
2706 silly ADD node_modules/is-arrayish
2707 silly ADD node_modules/lines-and-columns
2708 silly ADD node_modules/json-parse-even-better-errors
2709 silly ADD node_modules/error-ex
2710 silly ADD node_modules/yocto-queue
2711 silly ADD node_modules/mimic-fn
2712 silly ADD node_modules/balanced-match
2713 silly ADD node_modules/brace-expansion
2714 silly ADD node_modules/yallist
2715 silly ADD node_modules/p-locate
2716 silly ADD node_modules/p-locate/node_modules/p-limit
2717 silly ADD node_modules/sprintf-js
2718 silly ADD node_modules/esprima
2719 silly ADD node_modules/argparse
2720 silly ADD node_modules/@ungap/structured-clone
2721 silly ADD node_modules/leven
2722 silly ADD node_modules/natural-compare
2723 silly ADD node_modules/synckit
2724 silly ADD node_modules/@jest/snapshot-utils
2725 silly ADD node_modules/@babel/plugin-syntax-typescript
2726 silly ADD node_modules/@babel/plugin-syntax-jsx
2727 silly ADD node_modules/strip-bom
2728 silly ADD node_modules/es-module-lexer
2729 silly ADD node_modules/cjs-module-lexer
2730 silly ADD node_modules/@jest/globals
2731 silly ADD node_modules/callsites
2732 silly ADD node_modules/jest-leak-detector
2733 silly ADD node_modules/emittery
2734 silly ADD node_modules/@jest/source-map
2735 silly ADD node_modules/unrs-resolver
2736 silly ADD node_modules/@types/stack-utils
2737 silly ADD node_modules/@jest/diff-sequences
2738 silly ADD node_modules/jest-diff
2739 silly ADD node_modules/is-extglob
2740 silly ADD node_modules/node-int64
2741 silly ADD node_modules/bser
2742 silly ADD node_modules/normalize-path
2743 silly ADD node_modules/node-addon-api
2744 silly ADD node_modules/is-glob
2745 silly ADD node_modules/detect-libc
2746 silly ADD node_modules/@parcel/watcher-win32-x64
2747 silly ADD
2748 silly ADD
2749 silly ADD
2750 silly ADD
2751 silly ADD
2752 silly ADD
2753 silly ADD
2754 silly ADD
2755 silly ADD
2756 silly ADD
2757 silly ADD
2758 silly ADD node_modules/picomatch
2759 silly ADD node_modules/fdir
2760 silly ADD node_modules/fb-watchman
2761 silly ADD node_modules/anymatch
2762 silly ADD node_modules/anymatch/node_modules/picomatch
2763 silly ADD node_modules/@parcel/watcher
2764 silly ADD node_modules/detect-newline
2765 silly ADD node_modules/@jest/expect-utils
2766 silly ADD node_modules/type-detect
2767 silly ADD node_modules/@sinonjs/commons
2768 silly ADD node_modules/@sinonjs/fake-timers
2769 silly ADD node_modules/expect
2770 silly ADD node_modules/jest-mock
2771 silly ADD node_modules/@jest/fake-timers
2772 silly ADD node_modules/stack-utils
2773 silly ADD node_modules/pure-rand
2774 silly ADD node_modules/jest-matcher-utils
2775 silly ADD node_modules/jest-each
2776 silly ADD node_modules/is-generator-fn
2777 silly ADD node_modules/dedent
2778 silly ADD node_modules/co
2779 silly ADD node_modules/@jest/expect
2780 silly ADD node_modules/@jest/environment
2781 silly ADD node_modules/@babel/plugin-syntax-top-level-await
2782 silly ADD node_modules/@babel/plugin-syntax-private-property-in-object
2783 silly ADD node_modules/@babel/plugin-syntax-optional-chaining
2784 silly ADD node_modules/@babel/plugin-syntax-optional-catch-binding
2785 silly ADD node_modules/@babel/plugin-syntax-object-rest-spread
2786 silly ADD node_modules/@babel/plugin-syntax-numeric-separator
2787 silly ADD node_modules/@babel/plugin-syntax-nullish-coalescing-operator
2788 silly ADD node_modules/@babel/plugin-syntax-logical-assignment-operators
2789 silly ADD node_modules/@babel/plugin-syntax-json-strings
2790 silly ADD node_modules/@babel/plugin-syntax-import-meta
2791 silly ADD node_modules/@babel/plugin-syntax-import-attributes
2792 silly ADD node_modules/@babel/plugin-syntax-class-static-block
2793 silly ADD node_modules/@babel/plugin-syntax-class-properties
2794 silly ADD node_modules/@babel/plugin-syntax-bigint
2795 silly ADD node_modules/@babel/plugin-syntax-async-generators
2796 silly ADD node_modules/babel-preset-current-node-syntax
2797 silly ADD node_modules/babel-plugin-jest-hoist
2798 silly ADD node_modules/@types/babel__traverse
2799 silly ADD node_modules/@types/babel__template
2800 silly ADD node_modules/@types/babel__generator
2801 silly ADD node_modules/babel-preset-jest
2802 silly ADD node_modules/@types/babel__core
2803 silly ADD node_modules/strip-json-comments
2804 silly ADD node_modules/parse-json
2805 silly ADD node_modules/jest-environment-node
2806 silly ADD node_modules/jest-docblock
2807 silly ADD node_modules/jest-circus
2808 silly ADD node_modules/deepmerge
2809 silly ADD node_modules/babel-jest
2810 silly ADD node_modules/@jest/test-sequencer
2811 silly ADD node_modules/@jest/get-type
2812 silly ADD node_modules/yargs
2813 silly ADD node_modules/which
2814 silly ADD node_modules/shebang-command
2815 silly ADD node_modules/path-key
2816 silly ADD node_modules/strip-final-newline
2817 silly ADD node_modules/signal-exit
2818 silly ADD node_modules/onetime
2819 silly ADD node_modules/npm-run-path
2820 silly ADD node_modules/merge-stream
2821 silly ADD node_modules/is-stream
2822 silly ADD node_modules/human-signals
2823 silly ADD node_modules/get-stream
2824 silly ADD node_modules/cross-spawn
2825 silly ADD node_modules/p-limit
2826 silly ADD node_modules/execa
2827 silly ADD node_modules/html-escaper
2828 silly ADD node_modules/make-dir
2829 silly ADD node_modules/make-dir/node_modules/semver
2830 silly ADD node_modules/resolve-cwd
2831 silly ADD node_modules/pkg-dir
2832 silly ADD node_modules/path-scurry
2833 silly ADD node_modules/path-scurry/node_modules/lru-cache
2834 silly ADD node_modules/minipass
2835 silly ADD node_modules/minimatch
2836 silly ADD node_modules/path-exists
2837 silly ADD node_modules/locate-path
2838 silly ADD node_modules/ms
2839 silly ADD node_modules/color-name
2840 silly ADD node_modules/color-convert
2841 silly ADD node_modules/supports-color
2842 silly ADD node_modules/ansi-styles
2843 silly ADD node_modules/update-browserslist-db
2844 silly ADD node_modules/node-releases
2845 silly ADD node_modules/electron-to-chromium
2846 silly ADD node_modules/caniuse-lite
2847 silly ADD node_modules/baseline-browser-mapping
2848 silly ADD node_modules/resolve-from
2849 silly ADD node_modules/js-yaml
2850 silly ADD node_modules/get-package-type
2851 silly ADD node_modules/find-up
2852 silly ADD node_modules/camelcase
2853 silly ADD node_modules/test-exclude
2854 silly ADD node_modules/test-exclude/node_modules/balanced-match
2855 silly ADD node_modules/test-exclude/node_modules/brace-expansion
2856 silly ADD node_modules/test-exclude/node_modules/lru-cache
2857 silly ADD node_modules/test-exclude/node_modules/path-scurry
2858 silly ADD node_modules/test-exclude/node_modules/glob
2859 silly ADD node_modules/test-exclude/node_modules/glob/node_modules/minimatch
2860 silly ADD node_modules/@istanbuljs/schema
2861 silly ADD node_modules/@istanbuljs/load-nyc-config
2862 silly ADD node_modules/@babel/helper-plugin-utils
2863 silly ADD node_modules/type-fest
2864 silly ADD node_modules/@types/yargs-parser
2865 silly ADD node_modules/undici-types
2866 silly ADD node_modules/@types/istanbul-lib-report
2867 silly ADD node_modules/@jridgewell/resolve-uri
2868 silly ADD node_modules/@jridgewell/sourcemap-codec
2869 silly ADD node_modules/@sinclair/typebox
2870 silly ADD node_modules/@types/yargs
2871 silly ADD node_modules/@types/istanbul-reports
2872 silly ADD node_modules/@jest/schemas
2873 silly ADD node_modules/@babel/helper-string-parser
2874 silly ADD node_modules/@babel/helper-globals
2875 silly ADD node_modules/@babel/helper-module-imports
2876 silly ADD node_modules/lru-cache
2877 silly ADD node_modules/browserslist
2878 silly ADD node_modules/@babel/helper-validator-option
2879 silly ADD node_modules/@babel/compat-data
2880 silly ADD node_modules/jsesc
2881 silly ADD node_modules/@jridgewell/gen-mapping
2882 silly ADD node_modules/picocolors
2883 silly ADD node_modules/js-tokens
2884 silly ADD node_modules/@babel/helper-validator-identifier
2885 silly ADD node_modules/semver
2886 silly ADD node_modules/json5
2887 silly ADD node_modules/gensync
2888 silly ADD node_modules/debug
2889 silly ADD node_modules/@jridgewell/remapping
2890 silly ADD node_modules/@babel/types
2891 silly ADD node_modules/@babel/traverse
2892 silly ADD node_modules/@babel/template
2893 silly ADD node_modules/@babel/parser
2894 silly ADD node_modules/@babel/helpers
2895 silly ADD node_modules/@babel/helper-module-transforms
2896 silly ADD node_modules/@babel/helper-compilation-targets
2897 silly ADD node_modules/@babel/generator
2898 silly ADD node_modules/@babel/code-frame
2899 silly ADD node_modules/write-file-atomic
2900 silly ADD node_modules/write-file-atomic/node_modules/signal-exit
2901 silly ADD node_modules/pirates
2902 silly ADD node_modules/convert-source-map
2903 silly ADD node_modules/babel-plugin-istanbul
2904 silly ADD node_modules/@babel/core
2905 silly ADD node_modules/@types/istanbul-lib-coverage
2906 silly ADD node_modules/v8-to-istanbul
2907 silly ADD node_modules/string-length
2908 silly ADD node_modules/jest-worker
2909 silly ADD node_modules/jest-worker/node_modules/supports-color
2910 silly ADD node_modules/istanbul-reports
2911 silly ADD node_modules/istanbul-lib-source-maps
2912 silly ADD node_modules/istanbul-lib-report
2913 silly ADD node_modules/istanbul-lib-instrument
2914 silly ADD node_modules/istanbul-lib-instrument/node_modules/semver
2915 silly ADD node_modules/istanbul-lib-coverage
2916 silly ADD node_modules/glob
2917 silly ADD node_modules/collect-v8-coverage
2918 silly ADD node_modules/@jridgewell/trace-mapping
2919 silly ADD node_modules/@bcoe/v8-coverage
2920 silly ADD node_modules/slash
2921 silly ADD node_modules/pretty-format
2922 silly ADD node_modules/pretty-format/node_modules/ansi-styles
2923 silly ADD node_modules/jest-watcher
2924 silly ADD node_modules/jest-validate
2925 silly ADD node_modules/jest-validate/node_modules/camelcase
2926 silly ADD node_modules/jest-util
2927 silly ADD node_modules/jest-snapshot
2928 silly ADD node_modules/jest-snapshot/node_modules/semver
2929 silly ADD node_modules/jest-runtime
2930 silly ADD node_modules/jest-runner
2931 silly ADD node_modules/jest-resolve-dependencies
2932 silly ADD node_modules/jest-resolve
2933 silly ADD node_modules/jest-regex-util
2934 silly ADD node_modules/jest-message-util
2935 silly ADD node_modules/jest-haste-map
2936 silly ADD node_modules/jest-config
2937 silly ADD node_modules/jest-changed-files
2938 silly ADD node_modules/graceful-fs
2939 silly ADD node_modules/fast-json-stable-stringify
2940 silly ADD node_modules/exit-x
2941 silly ADD node_modules/ci-info
2942 silly ADD node_modules/chalk
2943 silly ADD node_modules/ansi-escapes
2944 silly ADD node_modules/@types/node
2945 silly ADD node_modules/@jest/transform
2946 silly ADD node_modules/@jest/test-result
2947 silly ADD node_modules/@jest/reporters
2948 silly ADD node_modules/@jest/pattern
2949 silly ADD node_modules/@jest/console
2950 silly ADD node_modules/jest-cli
2951 silly ADD node_modules/import-local
2952 silly ADD node_modules/@jest/types
2953 silly ADD node_modules/@jest/core
2954 silly ADD node_modules/jest
2955 verbose cwd C:\Users\kasicons479\Desktop\ci-cd-learning
2956 verbose os Windows_NT 10.0.26200
2957 verbose node v22.21.1
2958 verbose npm  v10.9.4
2959 verbose exit 0
2960 info ok
